YPT,XPT,ZPT,DENSITY,MO_PCT,CU_PCT,ROCK
8423810,686575,3320,2.47,0.0,0.0,100
8423810,686575,3328,2.47,0.0,0.0,100
8423810,686575,3336,2.47,0.0,0.0,100
8423810,686575,3344,2.47,0.0,0.0,100
8423810,686575,3352,2.47,0.0,0.0,100
8423810,686575,3360,2.47,0.0,0.0,100
8423810,686575,3368,2.47,0.0,0.0,100
8423810,686575,3376,2.47,0.0,0.0,100
8423810,686575,3384,2.47,0.0,0.0,100
8423810,686575,3392,2.47,0.0,0.0,100
8423810,686575,3400,2.47,0.0,0.0,100
8423810,686575,3408,2.47,0.0,0.0,100
8423810,686575,3416,2.47,0.0,0.0,100
8423810,686575,3424,2.47,0.0,0.0,100
8423810,686575,3432,2.47,0.0,0.0,100
8423810,686575,3440,2.47,0.0,0.0,100
8423810,686575,3448,2.47,0.0,0.0,100
8423810,686575,3456,2.47,0.0,0.0,100
8423810,686575,3464,2.47,0.0,0.0,100
8423810,686575,3472,2.47,0.0,0.0,100
8423810,686575,3480,2.47,0.0,0.0,100
8423810,686575,3488,2.47,0.0,0.0,100
8423810,686575,3496,2.47,0.0,0.0,100
8423810,686575,3504,2.47,0.0,0.0,100
8423810,686575,3512,2.47,0.0,0.0,100
8423810,686575,3520,2.47,0.0,0.0,100
8423810,686575,3528,2.47,0.0,0.0,100
8423825,685825,3320,2.47,0.0,0.0,500
8423825,685825,3328,2.47,0.0,0.0,500
8423825,685825,3336,2.47,0.0,0.0,500
8423825,685825,3344,2.47,0.0,0.0,500
8423825,685825,3352,2.31,0.027,0.0,400
8423825,685825,3360,2.31,0.034,0.0,400
8423825,685825,3368,2.31,0.047,0.172,400
8423825,685825,3376,2.31,0.076,0.237,400
8423825,685825,3384,2.31,0.081,0.261,400
8423825,685825,3392,2.31,0.103,0.237,400
8423825,685825,3400,2.31,0.105,0.229,400
8423825,685825,3408,2.31,0.088,0.217,400
8423825,685825,3416,2.31,0.062,0.19,400
8423825,685825,3424,2.31,0.058,0.234,400
8423825,685825,3432,2.43,0.413,0.84,400
8423825,685825,3440,2.43,0.478,1.229,400
8423825,685825,3448,2.43,0.209,1.282,400
8423825,685825,3456,2.43,0.288,1.165,400
8423825,685825,3464,2.43,0.362,1.076,400
8423825,685825,3472,2.43,0.419,0.815,400
8423825,685825,3480,2.43,0.378,0.552,400
8423825,685825,3488,2.31,0.251,0.266,400
8423825,685825,3496,2.31,0.211,0.187,400
8423825,685825,3504,2.31,0.233,0.193,400
8423825,685825,3512,2.31,0.209,0.167,400
8423825,685825,3520,2.31,0.147,0.0,400
8423825,685825,3528,2.31,0.08,0.041,400
8423825,685825,3536,2.31,0.05,0.041,300
8423600,686620,3320,2.47,0.0,0.0,100
8423600,686620,3328,2.47,0.0,0.0,100
8423600,686620,3336,2.47,0.0,0.0,100
8423600,686620,3344,2.47,0.0,0.0,100
8423600,686620,3352,2.47,0.0,0.0,100
8423600,686620,3360,2.47,0.0,0.0,100
8423600,686620,3368,2.47,0.0,0.0,100
8423600,686620,3376,2.47,0.0,0.0,100
8423600,686620,3384,2.47,0.0,0.0,100
8423600,686620,3392,2.47,0.0,0.0,100
8423600,686620,3400,2.47,0.0,0.0,100
8423600,686620,3408,2.47,0.0,0.0,100
8423600,686620,3416,2.47,0.0,0.0,100
8423600,686620,3424,2.47,0.0,0.0,100
8423600,686620,3432,2.47,0.0,0.0,100
8423600,686620,3440,2.47,0.0,0.0,100
8423600,686620,3448,2.47,0.0,0.0,100
8423600,686620,3456,2.47,0.0,0.0,100
8423600,686620,3464,2.47,0.0,0.0,100
8423600,686620,3472,2.47,0.0,0.0,100
8423600,686620,3480,2.47,0.0,0.0,100
8423600,686620,3488,2.47,0.0,0.0,100
8423600,686620,3496,2.47,0.0,0.0,100
8423600,686620,3504,2.47,0.0,0.0,100
8423600,686620,3512,2.47,0.0,0.0,100
8423600,686620,3520,2.47,0.0,0.0,100
8423600,686620,3528,2.47,0.0,0.0,100
8423600,686620,3536,2.47,0.0,0.0,100
8423600,686620,3544,2.47,0.0,0.0,100
8423600,686620,3552,2.47,0.0,0.0,100
8423600,686620,3560,2.47,0.0,0.0,100
8423600,686620,3568,2.47,0.0,0.0,100
8424260,686455,3320,2.47,0.0,0.0,100
8424260,686455,3328,2.47,0.0,0.0,100
8424260,686455,3336,2.47,0.0,0.0,100
8424260,686455,3344,2.47,0.0,0.0,100
8424260,686455,3352,2.47,0.0,0.0,100
8424260,686455,3360,2.47,0.0,0.0,100
8424260,686455,3368,2.47,0.0,0.0,100
8424260,686455,3376,2.47,0.0,0.0,100
8424260,686455,3384,2.47,0.0,0.0,100
8424260,686455,3392,2.47,0.0,0.0,100
8424260,686455,3400,2.47,0.0,0.0,100
8424260,686455,3408,2.47,0.0,0.0,100
8424260,686455,3416,2.47,0.0,0.0,100
8424260,686455,3424,2.47,0.0,0.0,100
8424260,686455,3432,2.47,0.0,0.0,100
8424260,686455,3440,2.47,0.0,0.0,100
8424260,686455,3448,2.47,0.0,0.0,100
8424260,686455,3456,2.47,0.0,0.0,100
8424260,686455,3464,2.47,0.0,0.0,100
8424260,686455,3472,2.47,0.0,0.0,100
8424260,686455,3480,2.47,0.0,0.0,100
8424260,686455,3488,2.47,0.0,0.0,100
8424260,686455,3496,2.47,0.0,0.0,100
8424260,686455,3504,2.47,0.0,0.0,100
8424260,686455,3512,2.47,0.0,0.0,100
8424260,686455,3520,2.47,0.0,0.0,100
8424260,686455,3528,2.47,0.0,0.0,100
8424260,686455,3536,2.47,0.0,0.0,100
8424260,686455,3544,2.47,0.0,0.0,100
8424260,686455,3552,2.47,0.0,0.0,100
8424260,686455,3560,2.47,0.0,0.0,100
8424260,686455,3568,2.47,0.0,0.0,100
8424260,686455,3576,2.47,0.0,0.0,100
8424260,686455,3584,2.47,0.0,0.0,100
8424260,686455,3592,2.47,0.0,0.0,100
8424260,686455,3600,2.47,0.0,0.0,100
8424260,686455,3608,2.47,0.0,0.0,100
8424260,686455,3616,2.47,0.0,0.0,100
8424260,686455,3624,2.47,0.0,0.0,100
8424260,686455,3632,2.47,0.0,0.0,100
8424260,686455,3640,2.47,0.0,0.0,100
8424260,686455,3648,2.47,0.0,0.0,100
8424260,686455,3656,2.47,0.0,0.0,100
8424260,686455,3664,2.47,0.0,0.0,100
8424260,686455,3672,2.47,0.0,0.0,100
8424260,686455,3680,2.47,0.0,0.0,100
8424260,686455,3688,2.47,0.0,0.0,100
8424260,686455,3696,2.47,0.0,0.0,100
8424260,686455,3704,2.47,0.0,0.0,100
8423360,686470,3320,2.47,0.0,0.0,100
8423360,686470,3328,2.47,0.0,0.0,100
8423360,686470,3336,2.47,0.0,0.0,100
8423360,686470,3344,2.47,0.0,0.0,100
8423360,686470,3352,2.47,0.0,0.0,100
8423360,686470,3360,2.47,0.0,0.0,100
8423360,686470,3368,2.47,0.0,0.0,100
8423360,686470,3376,2.47,0.0,0.0,100
8423360,686470,3384,2.47,0.0,0.0,100
8423360,686470,3392,2.47,0.0,0.0,100
8423360,686470,3400,2.47,0.0,0.0,100
8423360,686470,3408,2.47,0.0,0.0,100
8423360,686470,3416,2.47,0.0,0.0,100
8423360,686470,3424,2.47,0.0,0.0,100
8423360,686470,3432,2.47,0.0,0.0,100
8423360,686470,3440,2.47,0.0,0.0,100
8423360,686470,3448,2.47,0.0,0.0,100
8423360,686470,3456,2.47,0.0,0.0,100
8423360,686470,3464,2.47,0.0,0.0,100
8423360,686470,3472,2.47,0.0,0.0,100
8423360,686470,3480,2.47,0.0,0.0,100
8423360,686470,3488,2.47,0.0,0.0,100
8423015,686515,3320,2.47,0.0,0.0,100
8423015,686515,3328,2.47,0.0,0.0,100
8423015,686515,3336,2.47,0.0,0.0,100
8423015,686515,3344,2.47,0.0,0.0,100
8423015,686515,3352,2.47,0.0,0.0,100
8423015,686515,3360,2.47,0.0,0.0,100
8423015,686515,3368,2.47,0.0,0.0,100
8423015,686515,3376,2.47,0.0,0.0,100
8423015,686515,3384,2.47,0.0,0.0,100
8423015,686515,3392,2.47,0.0,0.0,100
8423015,686515,3400,2.47,0.0,0.0,100
8423015,686515,3408,2.47,0.0,0.0,100
8423015,686515,3416,2.47,0.0,0.0,100
8423015,686515,3424,2.47,0.0,0.0,100
8423015,686515,3432,2.47,0.0,0.0,100
8423015,686515,3440,2.47,0.0,0.0,100
8423015,686515,3448,2.47,0.0,0.0,100
8423015,686515,3456,2.47,0.0,0.0,100
8423015,686515,3464,2.47,0.0,0.0,100
8423015,686515,3472,2.47,0.0,0.0,100
8423015,686515,3480,2.47,0.0,0.0,100
8423015,686515,3488,2.47,0.0,0.0,100
8423015,686515,3496,2.47,0.0,0.0,100
8423015,686515,3504,2.47,0.0,0.0,100
8423015,686515,3512,2.47,0.0,0.0,100
8423015,686515,3520,2.47,0.0,0.0,100
8423015,686515,3528,2.47,0.0,0.0,100
8423015,686515,3536,2.47,0.0,0.0,100
8423015,686515,3544,2.47,0.0,0.0,100
8424380,686005,3320,2.47,0.0,0.0,100
8424380,686005,3328,2.47,0.0,0.0,100
8424380,686005,3336,2.47,0.0,0.0,100
8424380,686005,3344,2.47,0.0,0.0,100
8424380,686005,3352,2.47,0.0,0.0,100
8424380,686005,3360,2.47,0.0,0.0,100
8424380,686005,3368,2.47,0.0,0.0,100
8424380,686005,3376,2.47,0.0,0.0,100
8424380,686005,3384,2.47,0.0,0.0,100
8424380,686005,3392,2.47,0.0,0.0,100
8424380,686005,3400,2.47,0.0,0.0,100
8424380,686005,3408,2.47,0.0,0.0,100
8424380,686005,3416,2.47,0.0,0.0,100
8424380,686005,3424,2.47,0.0,0.0,100
8424380,686005,3432,2.47,0.0,0.0,100
8424380,686005,3440,2.47,0.0,0.0,100
8424380,686005,3448,2.47,0.0,0.0,100
8424380,686005,3456,2.47,0.0,0.0,100
8424380,686005,3464,2.47,0.0,0.0,100
8424380,686005,3472,2.47,0.0,0.0,100
8424380,686005,3480,2.47,0.0,0.0,100
8424380,686005,3488,2.47,0.0,0.0,100
8424380,686005,3496,2.47,0.0,0.0,100
8424380,686005,3504,2.47,0.0,0.0,100
8424380,686005,3512,2.47,0.0,0.0,100
8424380,686005,3520,2.47,0.0,0.0,100
8424380,686005,3528,2.47,0.0,0.0,100
8424380,686005,3536,2.47,0.0,0.0,100
8424380,686005,3544,2.47,0.0,0.0,100
8424380,686005,3552,2.47,0.0,0.0,100
8424380,686005,3560,2.47,0.0,0.0,100
8424380,686005,3568,2.47,0.0,0.0,100
8424380,686005,3576,2.47,0.0,0.0,100
8424380,686005,3584,2.47,0.0,0.0,100
8424380,686005,3592,2.47,0.0,0.0,100
8424380,686005,3600,2.47,0.0,0.0,100
8424380,686005,3608,2.47,0.0,0.0,100
8424380,686005,3616,2.47,0.0,0.0,100
8424380,686005,3624,2.47,0.0,0.0,100
8424380,686005,3632,2.47,0.0,0.0,100
8424380,686005,3640,2.47,0.0,0.0,100
8424380,686005,3648,2.47,0.0,0.0,100
8424380,686005,3656,2.47,0.0,0.0,100
8424380,686005,3664,2.47,0.0,0.0,100
8424380,686005,3672,2.47,0.0,0.0,100
8424380,686005,3680,2.47,0.0,0.0,100
8424380,686005,3688,2.47,0.0,0.0,100
8424380,686005,3696,2.47,0.0,0.0,100
8424380,686005,3704,2.47,0.0,0.0,100
8424380,686005,3712,2.47,0.0,0.0,100
8424380,686005,3720,2.47,0.0,0.0,100
8424380,686005,3728,2.47,0.0,0.0,100
8424380,686005,3736,2.47,0.0,0.0,100
8424380,686005,3744,2.47,0.0,0.0,100
8424380,686005,3752,2.47,0.0,0.0,100
8424380,686005,3760,2.47,0.0,0.0,100
8424380,686005,3768,2.47,0.0,0.0,100
8424380,686005,3776,2.47,0.0,0.0,100
8424290,685915,3320,2.31,0.0,0.0,400
8424290,685915,3328,2.31,0.0,0.0,400
8424290,685915,3336,2.31,0.0,0.0,400
8424290,685915,3344,2.31,0.0,0.0,400
8424290,685915,3352,2.31,0.0,0.0,400
8424290,685915,3360,2.31,0.0,0.0,400
8424290,685915,3368,2.31,0.0,0.0,400
8424290,685915,3376,2.31,0.0,0.0,400
8424290,685915,3384,2.31,0.0,0.0,400
8424290,685915,3392,2.31,0.0,0.0,400
8424290,685915,3400,2.31,0.0,0.0,400
8424290,685915,3408,2.31,0.0,0.0,400
8424290,685915,3416,2.31,0.0,0.0,400
8424290,685915,3424,2.31,0.0,0.0,400
8424290,685915,3432,2.31,0.0,0.0,300
8424290,685915,3440,2.31,0.0,0.0,300
8424290,685915,3448,2.31,0.0,0.0,300
8424290,685915,3456,2.31,0.0,0.0,300
8424290,685915,3464,2.31,0.0,0.0,300
8424290,685915,3472,2.31,0.0,0.0,300
8424290,685915,3480,2.31,0.0,0.0,300
8424290,685915,3488,2.31,0.0,0.0,300
8424290,685915,3496,2.31,0.0,0.0,300
8424290,685915,3504,2.31,0.0,0.0,300
8424290,685915,3512,2.31,0.0,0.0,300
8424290,685915,3520,2.31,0.0,0.0,300
8424290,685915,3528,2.31,0.0,0.0,300
8424290,685915,3536,2.31,0.0,0.0,300
8424290,685915,3544,2.31,0.0,0.0,300
8424290,685915,3552,2.31,0.0,0.0,300
8424290,685915,3560,2.31,0.0,0.0,300
8424290,685915,3568,2.31,0.0,0.0,300
8424290,685915,3576,2.31,0.0,0.0,300
8424290,685915,3584,2.31,0.0,0.0,300
8424290,685915,3592,2.31,0.0,0.0,300
8424290,685915,3600,2.31,0.0,0.0,300
8424290,685915,3608,2.31,0.0,0.0,300
8424290,685915,3616,2.31,0.0,0.0,300
8424290,685915,3624,2.31,0.0,0.0,300
8424290,685915,3632,2.31,0.0,0.0,300
8424290,685915,3640,2.31,0.0,0.0,300
8424290,685915,3648,2.31,0.0,0.0,300
8424290,685915,3656,2.31,0.0,0.0,300
8424290,685915,3664,2.47,0.0,0.0,100
8424290,685915,3672,2.47,0.0,0.0,100
8424290,685915,3680,2.47,0.0,0.0,100
8424290,685915,3688,2.47,0.0,0.0,100
8424290,685915,3696,2.47,0.0,0.0,100
8424290,685915,3704,2.47,0.0,0.0,100
8424290,685915,3712,2.47,0.0,0.0,100
8424290,685915,3720,2.47,0.0,0.0,100
8424290,685915,3728,2.47,0.0,0.0,100
8424560,685240,3320,2.47,0.0,0.0,100
8424560,685240,3328,2.47,0.0,0.0,100
8424560,685240,3336,2.47,0.0,0.0,100
8424560,685240,3344,2.47,0.0,0.0,100
8424560,685240,3352,2.47,0.0,0.0,100
8424560,685240,3360,2.47,0.0,0.0,100
8424560,685240,3368,2.47,0.0,0.0,100
8424560,685240,3376,2.47,0.0,0.0,100
8424560,685240,3384,2.47,0.0,0.0,100
8424560,685240,3392,2.47,0.0,0.0,100
8424560,685240,3400,2.47,0.0,0.0,100
8424560,685240,3408,2.47,0.0,0.0,100
8424560,685240,3416,2.47,0.0,0.0,100
8424560,685240,3424,2.47,0.0,0.0,100
8424560,685240,3432,2.47,0.0,0.0,100
8424560,685240,3440,2.47,0.0,0.0,100
8424560,685240,3448,2.47,0.0,0.0,100
8424560,685240,3456,2.47,0.0,0.0,100
8424560,685240,3464,2.47,0.0,0.0,100
8424560,685240,3472,2.47,0.0,0.0,100
8424560,685240,3480,2.47,0.0,0.0,100
8424560,685240,3488,2.47,0.0,0.0,100
8424560,685240,3496,2.47,0.0,0.0,100
8424560,685240,3504,2.47,0.0,0.0,100
8424560,685240,3512,2.47,0.0,0.0,100
8424560,685240,3520,2.47,0.0,0.0,100
8423900,685240,3320,2.47,0.0,0.0,100
8423900,685240,3328,2.47,0.0,0.0,100
8423900,685240,3336,2.47,0.0,0.0,100
8423900,685240,3344,2.47,0.0,0.0,100
8423900,685240,3352,2.47,0.0,0.0,100
8423900,685240,3360,2.47,0.0,0.0,100
8423900,685240,3368,2.47,0.0,0.0,100
8423900,685240,3376,2.47,0.0,0.0,100
8423900,685240,3384,2.47,0.0,0.0,100
8423900,685240,3392,2.47,0.0,0.0,100
8423900,685240,3400,2.47,0.0,0.0,100
8423900,685240,3408,2.47,0.0,0.0,100
8423900,685240,3416,2.47,0.0,0.0,100
8423900,685240,3424,2.47,0.0,0.0,100
8423900,685240,3432,2.47,0.0,0.0,100
8423900,685240,3440,2.47,0.0,0.0,100
8423900,685240,3448,2.47,0.0,0.0,100
8423900,685240,3456,2.47,0.0,0.0,100
8423900,685240,3464,2.47,0.0,0.0,100
8423900,685240,3472,2.47,0.0,0.0,100
8423900,685240,3480,2.47,0.0,0.0,100
8423900,685240,3488,2.47,0.0,0.0,100
8423900,685240,3496,2.47,0.0,0.0,100
8423900,685240,3504,2.47,0.0,0.0,100
8423900,685240,3512,2.47,0.0,0.0,100
8423900,685240,3520,2.47,0.0,0.0,100
8423900,685240,3528,2.47,0.0,0.0,100
8423900,685240,3536,2.47,0.0,0.0,100
8423900,685240,3544,2.47,0.0,0.0,100
8423900,685240,3552,2.47,0.0,0.0,100
8424005,686050,3320,2.31,0.0,0.0,400
8424005,686050,3328,2.31,0.0,0.0,400
8424005,686050,3336,2.31,0.0,0.0,400
8424005,686050,3344,2.31,0.0,0.0,400
8424005,686050,3352,2.31,0.0,0.0,400
8424005,686050,3360,2.31,0.0,0.0,400
8424005,686050,3368,2.31,0.0,0.0,400
8424005,686050,3376,2.31,0.0,0.0,400
8424005,686050,3384,2.31,0.0,0.0,400
8424005,686050,3392,2.31,0.0,0.0,400
8424005,686050,3400,2.31,0.0,0.0,400
8424005,686050,3408,2.31,0.0,0.0,400
8424005,686050,3416,2.31,0.0,0.0,400
8424005,686050,3424,2.31,0.0,0.0,400
8424005,686050,3432,2.31,0.0,0.0,400
8424005,686050,3440,2.31,0.0,0.0,400
8424005,686050,3448,2.31,0.0,0.0,400
8424005,686050,3456,2.31,0.0,0.0,400
8424005,686050,3464,2.31,0.0,0.0,400
8424005,686050,3472,2.31,0.0,0.0,400
8424005,686050,3480,2.31,0.0,0.0,400
8424005,686050,3488,2.31,0.0,0.0,400
8424005,686050,3496,2.31,0.0,0.0,400
8424005,686050,3504,2.31,0.0,0.0,400
8424005,686050,3512,2.31,0.0,0.0,300
8424005,686050,3520,2.31,0.0,0.0,300
8424005,686050,3528,2.31,0.0,0.0,300
8424005,686050,3536,2.31,0.0,0.0,300
8423315,685405,3320,2.47,0.0,0.0,500
8423315,685405,3328,2.47,0.0,0.0,500
8423315,685405,3336,2.47,0.0,0.0,500
8423315,685405,3344,2.47,0.0,0.0,500
8423315,685405,3352,2.47,0.0,0.0,500
8423315,685405,3360,2.47,0.0,0.0,500
8423315,685405,3368,2.47,0.0,0.0,500
8423315,685405,3376,2.47,0.0,0.0,500
8423315,685405,3384,2.47,0.0,0.0,500
8423315,685405,3392,2.47,0.0,0.0,500
8423315,685405,3400,2.47,0.0,0.0,500
8423315,685405,3408,2.31,0.004,0.0,400
8423315,685405,3416,2.31,0.004,0.009,400
8423315,685405,3424,2.31,0.004,0.009,400
8423315,685405,3432,2.31,0.004,0.009,400
8423315,685405,3440,2.31,0.003,0.009,400
8423315,685405,3448,2.31,0.003,0.009,400
8423315,685405,3456,2.31,0.003,0.009,400
8423315,685405,3464,2.31,0.003,0.009,400
8423315,685405,3472,2.31,0.003,0.0,400
8423315,685405,3480,2.47,0.0,0.0,100
8424395,686545,3320,2.47,0.0,0.0,100
8424395,686545,3328,2.47,0.0,0.0,100
8424395,686545,3336,2.47,0.0,0.0,100
8424395,686545,3344,2.47,0.0,0.0,100
8424395,686545,3352,2.47,0.0,0.0,100
8424395,686545,3360,2.47,0.0,0.0,100
8424395,686545,3368,2.47,0.0,0.0,100
8424395,686545,3376,2.47,0.0,0.0,100
8424395,686545,3384,2.47,0.0,0.0,100
8424395,686545,3392,2.47,0.0,0.0,100
8424395,686545,3400,2.47,0.0,0.0,100
8424395,686545,3408,2.47,0.0,0.0,100
8424395,686545,3416,2.47,0.0,0.0,100
8424395,686545,3424,2.47,0.0,0.0,100
8424395,686545,3432,2.47,0.0,0.0,100
8424395,686545,3440,2.47,0.0,0.0,100
8424395,686545,3448,2.47,0.0,0.0,100
8424395,686545,3456,2.47,0.0,0.0,100
8424395,686545,3464,2.47,0.0,0.0,100
8424395,686545,3472,2.47,0.0,0.0,100
8424395,686545,3480,2.47,0.0,0.0,100
8424395,686545,3488,2.47,0.0,0.0,100
8424395,686545,3496,2.47,0.0,0.0,100
8424395,686545,3504,2.47,0.0,0.0,100
8424395,686545,3512,2.47,0.0,0.0,100
8424395,686545,3520,2.47,0.0,0.0,100
8424395,686545,3528,2.47,0.0,0.0,100
8424395,686545,3536,2.47,0.0,0.0,100
8424395,686545,3544,2.47,0.0,0.0,100
8424395,686545,3552,2.47,0.0,0.0,100
8424395,686545,3560,2.47,0.0,0.0,100
8424395,686545,3568,2.47,0.0,0.0,100
8424395,686545,3576,2.47,0.0,0.0,100
8424395,686545,3584,2.47,0.0,0.0,100
8424395,686545,3592,2.47,0.0,0.0,100
8424395,686545,3600,2.47,0.0,0.0,100
8424395,686545,3608,2.47,0.0,0.0,100
8424395,686545,3616,2.47,0.0,0.0,100
8424395,686545,3624,2.47,0.0,0.0,100
8424395,686545,3632,2.47,0.0,0.0,100
8424395,686545,3640,2.47,0.0,0.0,100
8424395,686545,3648,2.47,0.0,0.0,100
8424395,686545,3656,2.47,0.0,0.0,100
8424395,686545,3664,2.47,0.0,0.0,100
8424395,686545,3672,2.47,0.0,0.0,100
8424395,686545,3680,2.47,0.0,0.0,100
8424395,686545,3688,2.47,0.0,0.0,100
8424395,686545,3696,2.47,0.0,0.0,100
8424395,686545,3704,2.47,0.0,0.0,100
8424395,686545,3712,2.47,0.0,0.0,100
8424395,686545,3720,2.47,0.0,0.0,100
8424395,686545,3728,2.47,0.0,0.0,100
8424395,686545,3736,2.47,0.0,0.0,100
8424395,686545,3744,2.47,0.0,0.0,100
8424395,686545,3752,2.47,0.0,0.0,100
8424395,686545,3760,2.47,0.0,0.0,100
8423615,685495,3320,2.47,0.0,0.0,500
8423615,685495,3328,2.47,0.0,0.0,500
8423615,685495,3336,2.47,0.0,0.0,500
8423615,685495,3344,2.47,0.0,0.0,500
8423615,685495,3352,2.47,0.0,0.0,500
8423615,685495,3360,2.47,0.0,0.0,500
8423615,685495,3368,2.31,0.004,0.0,400
8423615,685495,3376,2.31,0.004,0.105,400
8423615,685495,3384,2.31,0.005,0.101,400
8423615,685495,3392,2.31,0.007,0.109,400
8423615,685495,3400,2.31,0.009,0.177,400
8423615,685495,3408,2.31,0.01,0.181,400
8423615,685495,3416,2.31,0.009,0.205,400
8423615,685495,3424,2.31,0.009,0.209,400
8423615,685495,3432,2.31,0.012,0.213,400
8423615,685495,3440,2.31,0.012,0.227,400
8423615,685495,3448,2.47,0.0,0.0,200
8423615,685495,3456,2.47,0.0,0.0,200
8423615,685495,3464,2.47,0.0,0.0,200
8423615,685495,3472,2.47,0.0,0.0,100
8423615,685495,3480,2.47,0.0,0.0,100
8423615,685495,3488,2.47,0.0,0.0,100
8423615,685495,3496,2.47,0.0,0.0,100
8423615,685495,3504,2.47,0.0,0.0,100
8423615,685495,3512,2.47,0.0,0.0,100
8423615,685495,3520,2.47,0.0,0.0,100
8423615,685495,3528,2.47,0.0,0.0,100
8423615,685495,3536,2.47,0.0,0.0,100
8423615,685495,3544,2.47,0.0,0.0,100
8423615,685495,3552,2.47,0.0,0.0,100
8423615,685495,3560,2.47,0.0,0.0,100
8423615,685495,3568,2.47,0.0,0.0,100
8423615,685495,3576,2.47,0.0,0.0,100
8423615,685495,3584,2.47,0.0,0.0,100
8423615,685495,3592,2.47,0.0,0.0,100
8423375,685750,3320,2.47,0.0,0.0,500
8423375,685750,3328,2.47,0.0,0.0,500
8423375,685750,3336,2.47,0.0,0.0,500
8423375,685750,3344,2.47,0.0,0.0,500
8423375,685750,3352,2.47,0.0,0.0,500
8423375,685750,3360,2.47,0.0,0.0,500
8423375,685750,3368,2.47,0.0,0.0,500
8423375,685750,3376,2.47,0.0,0.0,500
8423375,685750,3384,2.47,0.0,0.0,500
8423375,685750,3392,2.47,0.0,0.0,500
8423375,685750,3400,2.47,0.0,0.0,500
8423375,685750,3408,2.47,0.0,0.0,500
8423375,685750,3416,2.47,0.0,0.0,500
8423375,685750,3424,2.47,0.0,0.0,500
8423375,685750,3432,2.47,0.0,0.0,500
8423375,685750,3440,2.47,0.0,0.0,500
8423810,685390,3320,2.47,0.0,0.0,500
8423810,685390,3328,2.47,0.0,0.0,500
8423810,685390,3336,2.47,0.007,0.057,500
8423810,685390,3344,2.47,0.007,0.068,500
8423810,685390,3352,2.47,0.007,0.068,500
8423810,685390,3360,2.31,0.007,0.069,400
8423810,685390,3368,2.31,0.006,0.072,400
8423810,685390,3376,2.31,0.006,0.067,400
8423810,685390,3384,2.31,0.007,0.086,400
8423810,685390,3392,2.31,0.007,0.088,400
8423810,685390,3400,2.31,0.007,0.086,400
8423810,685390,3408,2.31,0.009,0.103,400
8423810,685390,3416,2.31,0.019,0.115,400
8423810,685390,3424,2.31,0.026,0.18,400
8423810,685390,3432,2.31,0.032,0.207,400
8423810,685390,3440,2.31,0.033,0.28,400
8423810,685390,3448,2.47,0.0,0.0,200
8423810,685390,3456,2.47,0.0,0.0,200
8423810,685390,3464,2.47,0.0,0.0,200
8423810,685390,3472,2.47,0.0,0.0,200
8423810,685390,3480,2.47,0.0,0.0,100
8423810,685390,3488,2.47,0.0,0.0,100
8423810,685390,3496,2.47,0.0,0.0,100
8423810,685390,3504,2.47,0.0,0.0,100
8423810,685390,3512,2.47,0.0,0.0,100
8423810,685390,3520,2.47,0.0,0.0,100
8423810,685390,3528,2.47,0.0,0.0,100
8423810,685390,3536,2.47,0.0,0.0,100
8423810,685390,3544,2.47,0.0,0.0,100
8423810,685390,3552,2.47,0.0,0.0,100
8423810,685390,3560,2.47,0.0,0.0,100
8423810,685390,3568,2.47,0.0,0.0,100
8423810,685390,3576,2.47,0.0,0.0,100
8423810,685390,3584,2.47,0.0,0.0,100
8423810,685390,3592,2.47,0.0,0.0,100
8423300,685255,3320,2.47,0.0,0.0,100
8423300,685255,3328,2.47,0.0,0.0,100
8423300,685255,3336,2.47,0.0,0.0,100
8423300,685255,3344,2.47,0.0,0.0,100
8423300,685255,3352,2.47,0.0,0.0,100
8423300,685255,3360,2.47,0.0,0.0,100
8423300,685255,3368,2.47,0.0,0.0,100
8423300,685255,3376,2.47,0.0,0.0,100
8423300,685255,3384,2.47,0.0,0.0,100
8423300,685255,3392,2.47,0.0,0.0,100
8423300,685255,3400,2.47,0.0,0.0,100
8423300,685255,3408,2.47,0.0,0.0,100
8423300,685255,3416,2.47,0.0,0.0,100
8423300,685255,3424,2.47,0.0,0.0,100
8423300,685255,3432,2.47,0.0,0.0,100
8423300,685255,3440,2.47,0.0,0.0,100
8423300,685255,3448,2.47,0.0,0.0,100
8423300,685255,3456,2.47,0.0,0.0,100
8423765,686410,3320,2.47,0.0,0.0,100
8423765,686410,3328,2.47,0.0,0.0,100
8423765,686410,3336,2.47,0.0,0.0,100
8423765,686410,3344,2.47,0.0,0.0,100
8423765,686410,3352,2.47,0.0,0.0,100
8423765,686410,3360,2.47,0.0,0.0,100
8423765,686410,3368,2.47,0.0,0.0,100
8423765,686410,3376,2.47,0.0,0.0,100
8423765,686410,3384,2.47,0.0,0.0,100
8423765,686410,3392,2.47,0.0,0.0,100
8423765,686410,3400,2.47,0.0,0.0,100
8423765,686410,3408,2.47,0.0,0.0,100
8423765,686410,3416,2.47,0.0,0.0,100
8423765,686410,3424,2.47,0.0,0.0,100
8423765,686410,3432,2.47,0.0,0.0,100
8423765,686410,3440,2.47,0.0,0.0,100
8423765,686410,3448,2.47,0.0,0.0,100
8423765,686410,3456,2.47,0.0,0.0,100
8423765,686410,3464,2.47,0.0,0.0,100
8423765,686410,3472,2.47,0.0,0.0,100
8423765,686410,3480,2.47,0.0,0.0,100
8423765,686410,3488,2.47,0.0,0.0,100
8423765,686410,3496,2.47,0.0,0.0,100
8423735,686575,3320,2.47,0.0,0.0,100
8423735,686575,3328,2.47,0.0,0.0,100
8423735,686575,3336,2.47,0.0,0.0,100
8423735,686575,3344,2.47,0.0,0.0,100
8423735,686575,3352,2.47,0.0,0.0,100
8423735,686575,3360,2.47,0.0,0.0,100
8423735,686575,3368,2.47,0.0,0.0,100
8423735,686575,3376,2.47,0.0,0.0,100
8423735,686575,3384,2.47,0.0,0.0,100
8423735,686575,3392,2.47,0.0,0.0,100
8423735,686575,3400,2.47,0.0,0.0,100
8423735,686575,3408,2.47,0.0,0.0,100
8423735,686575,3416,2.47,0.0,0.0,100
8423735,686575,3424,2.47,0.0,0.0,100
8423735,686575,3432,2.47,0.0,0.0,100
8423735,686575,3440,2.47,0.0,0.0,100
8423735,686575,3448,2.47,0.0,0.0,100
8423735,686575,3456,2.47,0.0,0.0,100
8423735,686575,3464,2.47,0.0,0.0,100
8423735,686575,3472,2.47,0.0,0.0,100
8423735,686575,3480,2.47,0.0,0.0,100
8423735,686575,3488,2.47,0.0,0.0,100
8423735,686575,3496,2.47,0.0,0.0,100
8423735,686575,3504,2.47,0.0,0.0,100
8423735,686575,3512,2.47,0.0,0.0,100
8423735,686575,3520,2.47,0.0,0.0,100
8423420,686005,3320,2.47,0.0,0.0,500
8423420,686005,3328,2.47,0.0,0.0,500
8423420,686005,3336,2.47,0.0,0.0,500
8423420,686005,3344,2.47,0.0,0.0,500
8423420,686005,3352,2.47,0.0,0.0,500
8423420,686005,3360,2.47,0.0,0.0,500
8423420,686005,3368,2.47,0.0,0.0,500
8423420,686005,3376,2.47,0.0,0.0,500
8423420,686005,3384,2.47,0.0,0.0,500
8423420,686005,3392,2.47,0.0,0.0,500
8423420,686005,3400,2.47,0.0,0.0,500
8423420,686005,3408,2.47,0.0,0.0,500
8423420,686005,3416,2.47,0.0,0.0,500
8423420,686005,3424,2.47,0.0,0.0,500
8423420,686005,3432,2.47,0.0,0.0,500
8423420,686005,3440,2.47,0.0,0.0,500
8423420,686005,3448,2.47,0.017,0.439,500
8423495,686680,3320,2.47,0.0,0.0,100
8423495,686680,3328,2.47,0.0,0.0,100
8423495,686680,3336,2.47,0.0,0.0,100
8423495,686680,3344,2.47,0.0,0.0,100
8423495,686680,3352,2.47,0.0,0.0,100
8423495,686680,3360,2.47,0.0,0.0,100
8423495,686680,3368,2.47,0.0,0.0,100
8423495,686680,3376,2.47,0.0,0.0,100
8423495,686680,3384,2.47,0.0,0.0,100
8423495,686680,3392,2.47,0.0,0.0,100
8423495,686680,3400,2.47,0.0,0.0,100
8423495,686680,3408,2.47,0.0,0.0,100
8423495,686680,3416,2.47,0.0,0.0,100
8423495,686680,3424,2.47,0.0,0.0,100
8423495,686680,3432,2.47,0.0,0.0,100
8423495,686680,3440,2.47,0.0,0.0,100
8423495,686680,3448,2.47,0.0,0.0,100
8423495,686680,3456,2.47,0.0,0.0,100
8423495,686680,3464,2.47,0.0,0.0,100
8423495,686680,3472,2.47,0.0,0.0,100
8423495,686680,3480,2.47,0.0,0.0,100
8423495,686680,3488,2.47,0.0,0.0,100
8423495,686680,3496,2.47,0.0,0.0,100
8423495,686680,3504,2.47,0.0,0.0,100
8423495,686680,3512,2.47,0.0,0.0,100
8423495,686680,3520,2.47,0.0,0.0,100
8423495,686680,3528,2.47,0.0,0.0,100
8423495,686680,3536,2.47,0.0,0.0,100
8423495,686680,3544,2.47,0.0,0.0,100
8423495,686680,3552,2.47,0.0,0.0,100
8423495,686680,3560,2.47,0.0,0.0,100
8423495,686680,3568,2.47,0.0,0.0,100
8423495,686680,3576,2.47,0.0,0.0,100
8423495,686680,3584,2.47,0.0,0.0,100
8423495,686680,3592,2.47,0.0,0.0,100
8423495,686680,3600,2.47,0.0,0.0,100
8423495,686680,3608,2.47,0.0,0.0,100
8423495,686680,3616,2.47,0.0,0.0,100
8423495,686680,3624,2.47,0.0,0.0,100
8424170,685510,3320,2.31,0.007,0.158,400
8424170,685510,3328,2.31,0.008,0.166,400
8424170,685510,3336,2.31,0.007,0.174,400
8424170,685510,3344,2.31,0.006,0.181,400
8424170,685510,3352,2.31,0.006,0.16,400
8424170,685510,3360,2.31,0.005,0.162,400
8424170,685510,3368,2.31,0.019,0.158,400
8424170,685510,3376,2.31,0.024,0.168,400
8424170,685510,3384,2.31,0.028,0.226,400
8424170,685510,3392,2.31,0.028,0.219,400
8424170,685510,3400,2.31,0.024,0.0,400
8424170,685510,3408,2.31,0.0,0.0,300
8424170,685510,3416,2.31,0.0,0.0,300
8424170,685510,3424,2.31,0.0,0.0,300
8424170,685510,3432,2.31,0.0,0.0,300
8424170,685510,3440,2.31,0.0,0.0,300
8424170,685510,3448,2.31,0.0,0.0,300
8424170,685510,3456,2.31,0.0,0.0,300
8424170,685510,3464,2.31,0.0,0.0,300
8424170,685510,3472,2.31,0.0,0.0,300
8424170,685510,3480,2.31,0.0,0.0,300
8424170,685510,3488,2.31,0.0,0.0,300
8424170,685510,3496,2.31,0.0,0.0,300
8424170,685510,3504,2.31,0.0,0.0,300
8424170,685510,3512,2.31,0.0,0.0,300
8424170,685510,3520,2.31,0.0,0.0,300
8424170,685510,3528,2.31,0.0,0.0,300
8424170,685510,3536,2.31,0.0,0.0,300
8424170,685510,3544,2.31,0.0,0.0,300
8424170,685510,3552,2.31,0.0,0.0,300
8424170,685510,3560,2.31,0.0,0.0,300
8424170,685510,3568,2.31,0.0,0.0,300
8424170,685510,3576,2.31,0.0,0.0,300
8424170,685510,3584,2.31,0.0,0.0,300
8424170,685510,3592,2.47,0.0,0.0,100
8424170,685510,3600,2.47,0.0,0.0,100
8424170,685510,3608,2.47,0.0,0.0,100
8424170,685510,3616,2.47,0.0,0.0,100
8424170,685510,3624,2.47,0.0,0.0,100
8424170,685510,3632,2.47,0.0,0.0,100
8424170,685510,3640,2.47,0.0,0.0,100
8424170,685510,3648,2.47,0.0,0.0,100
8424170,685510,3656,2.47,0.0,0.0,100
8424170,685510,3664,2.47,0.0,0.0,100
8424365,686500,3320,2.47,0.0,0.0,100
8424365,686500,3328,2.47,0.0,0.0,100
8424365,686500,3336,2.47,0.0,0.0,100
8424365,686500,3344,2.47,0.0,0.0,100
8424365,686500,3352,2.47,0.0,0.0,100
8424365,686500,3360,2.47,0.0,0.0,100
8424365,686500,3368,2.47,0.0,0.0,100
8424365,686500,3376,2.47,0.0,0.0,100
8424365,686500,3384,2.47,0.0,0.0,100
8424365,686500,3392,2.47,0.0,0.0,100
8424365,686500,3400,2.47,0.0,0.0,100
8424365,686500,3408,2.47,0.0,0.0,100
8424365,686500,3416,2.47,0.0,0.0,100
8424365,686500,3424,2.47,0.0,0.0,100
8424365,686500,3432,2.47,0.0,0.0,100
8424365,686500,3440,2.47,0.0,0.0,100
8424365,686500,3448,2.47,0.0,0.0,100
8424365,686500,3456,2.47,0.0,0.0,100
8424365,686500,3464,2.47,0.0,0.0,100
8424365,686500,3472,2.47,0.0,0.0,100
8424365,686500,3480,2.47,0.0,0.0,100
8424365,686500,3488,2.47,0.0,0.0,100
8424365,686500,3496,2.47,0.0,0.0,100
8424365,686500,3504,2.47,0.0,0.0,100
8424365,686500,3512,2.47,0.0,0.0,100
8424365,686500,3520,2.47,0.0,0.0,100
8424365,686500,3528,2.47,0.0,0.0,100
8424365,686500,3536,2.47,0.0,0.0,100
8424365,686500,3544,2.47,0.0,0.0,100
8424365,686500,3552,2.47,0.0,0.0,100
8424365,686500,3560,2.47,0.0,0.0,100
8424365,686500,3568,2.47,0.0,0.0,100
8424365,686500,3576,2.47,0.0,0.0,100
8424365,686500,3584,2.47,0.0,0.0,100
8424365,686500,3592,2.47,0.0,0.0,100
8424365,686500,3600,2.47,0.0,0.0,100
8424365,686500,3608,2.47,0.0,0.0,100
8424365,686500,3616,2.47,0.0,0.0,100
8424365,686500,3624,2.47,0.0,0.0,100
8424365,686500,3632,2.47,0.0,0.0,100
8424365,686500,3640,2.47,0.0,0.0,100
8424365,686500,3648,2.47,0.0,0.0,100
8424365,686500,3656,2.47,0.0,0.0,100
8424365,686500,3664,2.47,0.0,0.0,100
8424365,686500,3672,2.47,0.0,0.0,100
8424365,686500,3680,2.47,0.0,0.0,100
8424365,686500,3688,2.47,0.0,0.0,100
8424365,686500,3696,2.47,0.0,0.0,100
8424365,686500,3704,2.47,0.0,0.0,100
8424365,686500,3712,2.47,0.0,0.0,100
8424365,686500,3720,2.47,0.0,0.0,100
8424365,686500,3728,2.47,0.0,0.0,100
8424365,686500,3736,2.47,0.0,0.0,100
8424365,686500,3744,2.47,0.0,0.0,100
8424365,686500,3752,2.47,0.0,0.0,100
8423735,685255,3320,2.47,0.0,0.0,100
8423735,685255,3328,2.47,0.0,0.0,100
8423735,685255,3336,2.47,0.0,0.0,100
8423735,685255,3344,2.47,0.0,0.0,100
8423735,685255,3352,2.47,0.0,0.0,100
8423735,685255,3360,2.47,0.0,0.0,100
8423735,685255,3368,2.47,0.0,0.0,100
8423735,685255,3376,2.47,0.0,0.0,100
8423735,685255,3384,2.47,0.0,0.0,100
8423735,685255,3392,2.47,0.0,0.0,100
8423735,685255,3400,2.47,0.0,0.0,100
8423735,685255,3408,2.47,0.0,0.0,100
8423735,685255,3416,2.47,0.0,0.0,100
8423735,685255,3424,2.47,0.0,0.0,100
8423735,685255,3432,2.47,0.0,0.0,100
8423735,685255,3440,2.47,0.0,0.0,100
8423735,685255,3448,2.47,0.0,0.0,100
8423735,685255,3456,2.47,0.0,0.0,100
8423735,685255,3464,2.47,0.0,0.0,100
8423735,685255,3472,2.47,0.0,0.0,100
8423735,685255,3480,2.47,0.0,0.0,100
8423735,685255,3488,2.47,0.0,0.0,100
8423735,685255,3496,2.47,0.0,0.0,100
8423735,685255,3504,2.47,0.0,0.0,100
8423735,685255,3512,2.47,0.0,0.0,100
8423735,685255,3520,2.47,0.0,0.0,100
8423735,685255,3528,2.47,0.0,0.0,100
8423735,685255,3536,2.47,0.0,0.0,100
8423735,685255,3544,2.47,0.0,0.0,100
8423735,685255,3552,2.47,0.0,0.0,100
8423735,685255,3560,2.47,0.0,0.0,100
8423735,685255,3568,2.47,0.0,0.0,100
8423750,685495,3320,2.47,0.0,0.0,500
8423750,685495,3328,2.47,0.0,0.0,500
8423750,685495,3336,2.47,0.0,0.0,500
8423750,685495,3344,2.31,0.005,0.056,400
8423750,685495,3352,2.31,0.006,0.058,400
8423750,685495,3360,2.31,0.006,0.07,400
8423750,685495,3368,2.31,0.006,0.074,400
8423750,685495,3376,2.31,0.007,0.08,400
8423750,685495,3384,2.31,0.007,0.071,400
8423750,685495,3392,2.31,0.008,0.071,400
8423750,685495,3400,2.31,0.009,0.097,400
8423750,685495,3408,2.31,0.01,0.149,400
8423750,685495,3416,2.31,0.011,0.261,400
8423750,685495,3424,2.31,0.013,0.0,400
8423750,685495,3432,2.31,0.014,0.0,400
8423750,685495,3440,2.47,0.0,0.0,200
8423750,685495,3448,2.47,0.0,0.0,200
8423750,685495,3456,2.47,0.0,0.0,200
8423750,685495,3464,2.47,0.0,0.0,200
8423750,685495,3472,2.47,0.0,0.0,200
8423750,685495,3480,2.47,0.0,0.0,100
8423750,685495,3488,2.47,0.0,0.0,100
8423750,685495,3496,2.47,0.0,0.0,100
8423750,685495,3504,2.47,0.0,0.0,100
8423750,685495,3512,2.47,0.0,0.0,100
8423750,685495,3520,2.47,0.0,0.0,100
8423750,685495,3528,2.47,0.0,0.0,100
8423750,685495,3536,2.47,0.0,0.0,100
8423750,685495,3544,2.47,0.0,0.0,100
8423750,685495,3552,2.47,0.0,0.0,100
8423750,685495,3560,2.47,0.0,0.0,100
8423750,685495,3568,2.47,0.0,0.0,100
8423750,685495,3576,2.47,0.0,0.0,100
8423750,685495,3584,2.47,0.0,0.0,100
8423750,685495,3592,2.47,0.0,0.0,100
8423750,685495,3600,2.47,0.0,0.0,100
8423750,685495,3608,2.47,0.0,0.0,100
8423900,685960,3320,2.47,0.0,0.0,500
8423900,685960,3328,2.47,0.0,0.0,500
8423900,685960,3336,2.47,0.0,0.0,500
8423900,685960,3344,2.31,0.012,0.0,400
8423900,685960,3352,2.31,0.013,0.0,400
8423900,685960,3360,2.31,0.013,0.0,400
8423900,685960,3368,2.31,0.011,0.0,400
8423900,685960,3376,2.31,0.011,0.11,400
8423900,685960,3384,2.31,0.012,0.143,400
8423900,685960,3392,2.31,0.012,0.146,400
8423900,685960,3400,2.31,0.119,0.138,400
8423900,685960,3408,2.31,0.13,0.114,400
8423900,685960,3416,2.31,0.131,0.086,400
8423900,685960,3424,2.31,0.128,0.074,400
8423900,685960,3432,2.31,0.13,0.075,400
8423900,685960,3440,2.31,0.14,0.076,400
8423900,685960,3448,2.31,0.163,0.075,400
8423900,685960,3456,2.31,0.196,0.075,400
8423900,685960,3464,2.31,0.225,0.0,400
8423900,685960,3472,2.31,0.241,0.0,400
8423900,685960,3480,2.31,0.227,0.0,400
8423900,685960,3488,2.31,0.197,0.0,400
8423900,685960,3496,2.31,0.0,0.0,300
8423900,685960,3504,2.31,0.0,0.0,300
8423900,685960,3512,2.31,0.0,0.0,300
8423900,685960,3520,2.31,0.0,0.0,300
8423900,685960,3528,2.31,0.0,0.0,300
8423900,685960,3536,2.31,0.0,0.0,300
8424335,686260,3320,2.47,0.0,0.0,100
8424335,686260,3328,2.47,0.0,0.0,100
8424335,686260,3336,2.47,0.0,0.0,100
8424335,686260,3344,2.47,0.0,0.0,100
8424335,686260,3352,2.47,0.0,0.0,100
8424335,686260,3360,2.47,0.0,0.0,100
8424335,686260,3368,2.47,0.0,0.0,100
8424335,686260,3376,2.47,0.0,0.0,100
8424335,686260,3384,2.47,0.0,0.0,100
8424335,686260,3392,2.47,0.0,0.0,100
8424335,686260,3400,2.47,0.0,0.0,100
8424335,686260,3408,2.47,0.0,0.0,100
8424335,686260,3416,2.47,0.0,0.0,100
8424335,686260,3424,2.47,0.0,0.0,100
8424335,686260,3432,2.47,0.0,0.0,100
8424335,686260,3440,2.47,0.0,0.0,100
8424335,686260,3448,2.47,0.0,0.0,100
8424335,686260,3456,2.47,0.0,0.0,100
8424335,686260,3464,2.47,0.0,0.0,100
8424335,686260,3472,2.47,0.0,0.0,100
8424335,686260,3480,2.47,0.0,0.0,100
8424335,686260,3488,2.47,0.0,0.0,100
8424335,686260,3496,2.47,0.0,0.0,100
8424335,686260,3504,2.47,0.0,0.0,100
8424335,686260,3512,2.47,0.0,0.0,100
8424335,686260,3520,2.47,0.0,0.0,100
8424335,686260,3528,2.47,0.0,0.0,100
8424335,686260,3536,2.47,0.0,0.0,100
8424335,686260,3544,2.47,0.0,0.0,100
8424335,686260,3552,2.47,0.0,0.0,100
8424335,686260,3560,2.47,0.0,0.0,100
8424335,686260,3568,2.47,0.0,0.0,100
8424335,686260,3576,2.47,0.0,0.0,100
8424335,686260,3584,2.47,0.0,0.0,100
8424335,686260,3592,2.47,0.0,0.0,100
8424335,686260,3600,2.47,0.0,0.0,100
8424335,686260,3608,2.47,0.0,0.0,100
8424335,686260,3616,2.47,0.0,0.0,100
8424335,686260,3624,2.47,0.0,0.0,100
8424335,686260,3632,2.47,0.0,0.0,100
8424335,686260,3640,2.47,0.0,0.0,100
8424335,686260,3648,2.47,0.0,0.0,100
8424335,686260,3656,2.47,0.0,0.0,100
8424335,686260,3664,2.47,0.0,0.0,100
8424335,686260,3672,2.47,0.0,0.0,100
8424335,686260,3680,2.47,0.0,0.0,100
8424335,686260,3688,2.47,0.0,0.0,100
8424335,686260,3696,2.47,0.0,0.0,100
8424335,686260,3704,2.47,0.0,0.0,100
8424335,686260,3712,2.47,0.0,0.0,100
8424335,686260,3720,2.47,0.0,0.0,100
8424335,686260,3728,2.47,0.0,0.0,100
8424335,686260,3736,2.47,0.0,0.0,100
8424335,686260,3744,2.47,0.0,0.0,100
8424290,686545,3320,2.47,0.0,0.0,100
8424290,686545,3328,2.47,0.0,0.0,100
8424290,686545,3336,2.47,0.0,0.0,100
8424290,686545,3344,2.47,0.0,0.0,100
8424290,686545,3352,2.47,0.0,0.0,100
8424290,686545,3360,2.47,0.0,0.0,100
8424290,686545,3368,2.47,0.0,0.0,100
8424290,686545,3376,2.47,0.0,0.0,100
8424290,686545,3384,2.47,0.0,0.0,100
8424290,686545,3392,2.47,0.0,0.0,100
8424290,686545,3400,2.47,0.0,0.0,100
8424290,686545,3408,2.47,0.0,0.0,100
8424290,686545,3416,2.47,0.0,0.0,100
8424290,686545,3424,2.47,0.0,0.0,100
8424290,686545,3432,2.47,0.0,0.0,100
8424290,686545,3440,2.47,0.0,0.0,100
8424290,686545,3448,2.47,0.0,0.0,100
8424290,686545,3456,2.47,0.0,0.0,100
8424290,686545,3464,2.47,0.0,0.0,100
8424290,686545,3472,2.47,0.0,0.0,100
8424290,686545,3480,2.47,0.0,0.0,100
8424290,686545,3488,2.47,0.0,0.0,100
8424290,686545,3496,2.47,0.0,0.0,100
8424290,686545,3504,2.47,0.0,0.0,100
8424290,686545,3512,2.47,0.0,0.0,100
8424290,686545,3520,2.47,0.0,0.0,100
8424290,686545,3528,2.47,0.0,0.0,100
8424290,686545,3536,2.47,0.0,0.0,100
8424290,686545,3544,2.47,0.0,0.0,100
8424290,686545,3552,2.47,0.0,0.0,100
8424290,686545,3560,2.47,0.0,0.0,100
8424290,686545,3568,2.47,0.0,0.0,100
8424290,686545,3576,2.47,0.0,0.0,100
8424290,686545,3584,2.47,0.0,0.0,100
8424290,686545,3592,2.47,0.0,0.0,100
8424290,686545,3600,2.47,0.0,0.0,100
8424290,686545,3608,2.47,0.0,0.0,100
8424290,686545,3616,2.47,0.0,0.0,100
8424290,686545,3624,2.47,0.0,0.0,100
8424290,686545,3632,2.47,0.0,0.0,100
8424290,686545,3640,2.47,0.0,0.0,100
8424290,686545,3648,2.47,0.0,0.0,100
8424290,686545,3656,2.47,0.0,0.0,100
8424290,686545,3664,2.47,0.0,0.0,100
8424290,686545,3672,2.47,0.0,0.0,100
8424290,686545,3680,2.47,0.0,0.0,100
8424290,686545,3688,2.47,0.0,0.0,100
8424290,686545,3696,2.47,0.0,0.0,100
8424290,686545,3704,2.47,0.0,0.0,100
8424290,686545,3712,2.47,0.0,0.0,100
8424065,686320,3320,2.47,0.0,0.0,100
8424065,686320,3328,2.47,0.0,0.0,100
8424065,686320,3336,2.47,0.0,0.0,100
8424065,686320,3344,2.47,0.0,0.0,100
8424065,686320,3352,2.47,0.0,0.0,100
8424065,686320,3360,2.47,0.0,0.0,100
8424065,686320,3368,2.47,0.0,0.0,100
8424065,686320,3376,2.47,0.0,0.0,100
8424065,686320,3384,2.47,0.0,0.0,100
8424065,686320,3392,2.47,0.0,0.0,100
8424065,686320,3400,2.47,0.0,0.0,100
8424065,686320,3408,2.47,0.0,0.0,100
8424065,686320,3416,2.47,0.0,0.0,100
8424065,686320,3424,2.47,0.0,0.0,100
8424065,686320,3432,2.47,0.0,0.0,100
8424065,686320,3440,2.47,0.0,0.0,100
8424065,686320,3448,2.47,0.0,0.0,100
8424065,686320,3456,2.47,0.0,0.0,100
8424065,686320,3464,2.47,0.0,0.0,100
8424065,686320,3472,2.47,0.0,0.0,100
8424065,686320,3480,2.47,0.0,0.0,100
8424065,686320,3488,2.47,0.0,0.0,100
8424065,686320,3496,2.47,0.0,0.0,100
8424065,686320,3504,2.47,0.0,0.0,100
8424065,686320,3512,2.47,0.0,0.0,100
8424065,686320,3520,2.47,0.0,0.0,100
8424065,686320,3528,2.47,0.0,0.0,100
8424065,686320,3536,2.47,0.0,0.0,100
8424065,686320,3544,2.47,0.0,0.0,100
8424065,686320,3552,2.47,0.0,0.0,100
8424065,686320,3560,2.47,0.0,0.0,100
8424065,686320,3568,2.47,0.0,0.0,100
8424395,685420,3320,2.47,0.0,0.0,100
8424395,685420,3328,2.47,0.0,0.0,100
8424395,685420,3336,2.47,0.0,0.0,100
8424395,685420,3344,2.47,0.0,0.0,100
8424395,685420,3352,2.47,0.0,0.0,100
8424395,685420,3360,2.47,0.0,0.0,100
8424395,685420,3368,2.47,0.0,0.0,100
8424395,685420,3376,2.47,0.0,0.0,100
8424395,685420,3384,2.47,0.0,0.0,100
8424395,685420,3392,2.47,0.0,0.0,100
8424395,685420,3400,2.47,0.0,0.0,100
8424395,685420,3408,2.47,0.0,0.0,100
8424395,685420,3416,2.47,0.0,0.0,100
8424395,685420,3424,2.47,0.0,0.0,100
8424395,685420,3432,2.47,0.0,0.0,100
8424395,685420,3440,2.47,0.0,0.0,100
8424395,685420,3448,2.47,0.0,0.0,100
8424395,685420,3456,2.47,0.0,0.0,100
8424395,685420,3464,2.47,0.0,0.0,100
8424395,685420,3472,2.47,0.0,0.0,100
8424395,685420,3480,2.47,0.0,0.0,100
8424395,685420,3488,2.47,0.0,0.0,100
8424395,685420,3496,2.47,0.0,0.0,100
8424395,685420,3504,2.47,0.0,0.0,100
8424395,685420,3512,2.47,0.0,0.0,100
8424395,685420,3520,2.47,0.0,0.0,100
8424395,685420,3528,2.47,0.0,0.0,100
8424395,685420,3536,2.47,0.0,0.0,100
8424395,685420,3544,2.47,0.0,0.0,100
8424395,685420,3552,2.47,0.0,0.0,100
8424395,685420,3560,2.47,0.0,0.0,100
8424395,685420,3568,2.47,0.0,0.0,100
8424395,685420,3576,2.47,0.0,0.0,100
8424395,685420,3584,2.47,0.0,0.0,100
8424395,685420,3592,2.47,0.0,0.0,100
8424395,685420,3600,2.47,0.0,0.0,100
8423450,686230,3320,2.47,0.0,0.0,500
8423450,686230,3328,2.47,0.0,0.0,500
8423450,686230,3336,2.47,0.0,0.0,500
8423450,686230,3344,2.47,0.0,0.0,500
8423450,686230,3352,2.47,0.0,0.0,500
8423450,686230,3360,2.47,0.0,0.0,500
8423450,686230,3368,2.47,0.0,0.0,500
8423450,686230,3376,2.47,0.0,0.0,500
8423450,686230,3384,2.31,0.0,0.0,400
8423450,686230,3392,2.31,0.004,0.0,400
8423450,686230,3400,2.31,0.012,0.0,400
8423450,686230,3408,2.31,0.033,0.0,400
8423450,686230,3416,2.31,0.067,0.0,400
8423075,686605,3320,2.47,0.0,0.0,100
8423075,686605,3328,2.47,0.0,0.0,100
8423075,686605,3336,2.47,0.0,0.0,100
8423075,686605,3344,2.47,0.0,0.0,100
8423075,686605,3352,2.47,0.0,0.0,100
8423075,686605,3360,2.47,0.0,0.0,100
8423075,686605,3368,2.47,0.0,0.0,100
8423075,686605,3376,2.47,0.0,0.0,100
8423075,686605,3384,2.47,0.0,0.0,100
8423075,686605,3392,2.47,0.0,0.0,100
8423075,686605,3400,2.47,0.0,0.0,100
8423075,686605,3408,2.47,0.0,0.0,100
8423075,686605,3416,2.47,0.0,0.0,100
8423075,686605,3424,2.47,0.0,0.0,100
8423075,686605,3432,2.47,0.0,0.0,100
8423075,686605,3440,2.47,0.0,0.0,100
8423075,686605,3448,2.47,0.0,0.0,100
8423075,686605,3456,2.47,0.0,0.0,100
8423075,686605,3464,2.47,0.0,0.0,100
8423075,686605,3472,2.47,0.0,0.0,100
8423075,686605,3480,2.47,0.0,0.0,100
8423075,686605,3488,2.47,0.0,0.0,100
8423075,686605,3496,2.47,0.0,0.0,100
8423075,686605,3504,2.47,0.0,0.0,100
8423075,686605,3512,2.47,0.0,0.0,100
8423075,686605,3520,2.47,0.0,0.0,100
8423075,686605,3528,2.47,0.0,0.0,100
8423075,686605,3536,2.47,0.0,0.0,100
8423075,686605,3544,2.47,0.0,0.0,100
8423075,686605,3552,2.47,0.0,0.0,100
8423075,686605,3560,2.47,0.0,0.0,100
8423075,686605,3568,2.47,0.0,0.0,100
8423075,686605,3576,2.47,0.0,0.0,100
8423075,686605,3584,2.47,0.0,0.0,100
8423075,686605,3592,2.47,0.0,0.0,100
8423075,686605,3600,2.47,0.0,0.0,100
8423105,685420,3320,2.47,0.0,0.0,500
8423105,685420,3328,2.47,0.0,0.0,500
8423105,685420,3336,2.47,0.0,0.0,500
8423105,685420,3344,2.47,0.0,0.0,500
8423105,685420,3352,2.47,0.0,0.0,500
8423105,685420,3360,2.47,0.0,0.0,500
8423105,685420,3368,2.47,0.0,0.0,500
8423105,685420,3376,2.47,0.0,0.0,500
8423105,685420,3384,2.47,0.0,0.0,500
8423105,685420,3392,2.47,0.0,0.0,500
8423105,685420,3400,2.47,0.0,0.0,500
8423105,685420,3408,2.47,0.0,0.0,500
8423105,685420,3416,2.47,0.0,0.0,500
8423105,685420,3424,2.47,0.0,0.0,500
8424320,686170,3320,2.47,0.0,0.0,100
8424320,686170,3328,2.47,0.0,0.0,100
8424320,686170,3336,2.47,0.0,0.0,100
8424320,686170,3344,2.47,0.0,0.0,100
8424320,686170,3352,2.47,0.0,0.0,100
8424320,686170,3360,2.47,0.0,0.0,100
8424320,686170,3368,2.47,0.0,0.0,100
8424320,686170,3376,2.47,0.0,0.0,100
8424320,686170,3384,2.47,0.0,0.0,100
8424320,686170,3392,2.47,0.0,0.0,100
8424320,686170,3400,2.47,0.0,0.0,100
8424320,686170,3408,2.47,0.0,0.0,100
8424320,686170,3416,2.47,0.0,0.0,100
8424320,686170,3424,2.47,0.0,0.0,100
8424320,686170,3432,2.47,0.0,0.0,100
8424320,686170,3440,2.47,0.0,0.0,100
8424320,686170,3448,2.47,0.0,0.0,100
8424320,686170,3456,2.47,0.0,0.0,100
8424320,686170,3464,2.47,0.0,0.0,100
8424320,686170,3472,2.47,0.0,0.0,100
8424320,686170,3480,2.47,0.0,0.0,100
8424320,686170,3488,2.47,0.0,0.0,100
8424320,686170,3496,2.47,0.0,0.0,100
8424320,686170,3504,2.47,0.0,0.0,100
8424320,686170,3512,2.47,0.0,0.0,100
8424320,686170,3520,2.47,0.0,0.0,100
8424320,686170,3528,2.47,0.0,0.0,100
8424320,686170,3536,2.47,0.0,0.0,100
8424320,686170,3544,2.47,0.0,0.0,100
8424320,686170,3552,2.47,0.0,0.0,100
8424320,686170,3560,2.47,0.0,0.0,100
8424320,686170,3568,2.47,0.0,0.0,100
8424320,686170,3576,2.47,0.0,0.0,100
8424320,686170,3584,2.47,0.0,0.0,100
8424320,686170,3592,2.47,0.0,0.0,100
8424320,686170,3600,2.47,0.0,0.0,100
8424320,686170,3608,2.47,0.0,0.0,100
8424320,686170,3616,2.47,0.0,0.0,100
8424320,686170,3624,2.47,0.0,0.0,100
8424320,686170,3632,2.47,0.0,0.0,100
8424320,686170,3640,2.47,0.0,0.0,100
8424320,686170,3648,2.47,0.0,0.0,100
8424320,686170,3656,2.47,0.0,0.0,100
8424320,686170,3664,2.47,0.0,0.0,100
8424320,686170,3672,2.47,0.0,0.0,100
8424320,686170,3680,2.47,0.0,0.0,100
8424320,686170,3688,2.47,0.0,0.0,100
8424320,686170,3696,2.47,0.0,0.0,100
8424320,686170,3704,2.47,0.0,0.0,100
8424320,686170,3712,2.47,0.0,0.0,100
8424320,686170,3720,2.47,0.0,0.0,100
8424320,686170,3728,2.47,0.0,0.0,100
8424320,686170,3736,2.47,0.0,0.0,100
8423885,685615,3320,2.47,0.0,0.0,500
8423885,685615,3328,2.47,0.0,0.0,500
8423885,685615,3336,2.47,0.054,0.293,500
8423885,685615,3344,2.31,0.046,0.321,400
8423885,685615,3352,2.31,0.058,0.327,400
8423885,685615,3360,2.31,0.078,0.337,400
8423885,685615,3368,2.31,0.092,0.302,400
8423885,685615,3376,2.31,0.082,0.323,400
8423885,685615,3384,2.43,0.074,0.39,400
8423885,685615,3392,2.43,0.105,0.424,400
8423885,685615,3400,2.43,0.116,0.543,400
8423885,685615,3408,2.43,0.113,0.785,400
8423885,685615,3416,2.43,0.152,0.934,400
8423885,685615,3424,2.43,0.154,0.861,400
8423885,685615,3432,2.43,0.131,0.524,400
8423885,685615,3440,2.31,0.123,0.327,400
8423885,685615,3448,2.31,0.134,0.26,400
8423885,685615,3456,2.31,0.15,0.232,400
8423885,685615,3464,2.43,0.132,0.327,400
8423885,685615,3472,2.31,0.109,0.297,400
8423885,685615,3480,2.31,0.114,0.249,400
8423885,685615,3488,2.43,0.098,0.487,400
8423885,685615,3496,2.43,0.102,0.439,400
8423885,685615,3504,2.47,0.156,0.398,200
8423885,685615,3512,2.47,0.0,0.0,100
8423885,685615,3520,2.47,0.0,0.0,100
8423885,685615,3528,2.47,0.0,0.0,100
8423885,685615,3536,2.47,0.0,0.0,100
8423885,685615,3544,2.47,0.0,0.0,100
8423885,685615,3552,2.47,0.0,0.0,100
8423885,685615,3560,2.47,0.0,0.0,100
8423885,685615,3568,2.47,0.0,0.0,100
8423885,685615,3576,2.47,0.0,0.0,100
8423885,685615,3584,2.47,0.0,0.0,100
8423885,685615,3592,2.47,0.0,0.0,100
8423720,685600,3320,2.47,0.0,0.0,500
8423720,685600,3328,2.47,0.0,0.0,500
8423720,685600,3336,2.47,0.0,0.0,500
8423720,685600,3344,2.47,0.0,0.0,500
8423720,685600,3352,2.47,0.0,0.0,500
8423720,685600,3360,2.31,0.016,0.0,400
8423720,685600,3368,2.31,0.016,0.108,400
8423720,685600,3376,2.31,0.016,0.087,400
8423720,685600,3384,2.31,0.015,0.101,400
8423720,685600,3392,2.31,0.016,0.13,400
8423720,685600,3400,2.31,0.025,0.209,400
8423720,685600,3408,2.31,0.038,0.3,400
8423720,685600,3416,2.31,0.05,0.317,400
8423720,685600,3424,2.31,0.057,0.309,400
8423720,685600,3432,2.31,0.062,0.231,400
8423720,685600,3440,2.31,0.064,0.284,400
8423720,685600,3448,2.43,0.056,0.398,400
8423720,685600,3456,2.43,0.054,0.55,400
8423720,685600,3464,2.47,0.05,0.657,200
8423720,685600,3472,2.47,0.0,0.0,200
8423720,685600,3480,2.47,0.0,0.0,100
8423720,685600,3488,2.47,0.0,0.0,100
8423720,685600,3496,2.47,0.0,0.0,100
8423720,685600,3504,2.47,0.0,0.0,100
8423720,685600,3512,2.47,0.0,0.0,100
8423720,685600,3520,2.47,0.0,0.0,100
8423720,685600,3528,2.47,0.0,0.0,100
8423720,685600,3536,2.47,0.0,0.0,100
8423720,685600,3544,2.47,0.0,0.0,100
8423720,685600,3552,2.47,0.0,0.0,100
8423720,685600,3560,2.47,0.0,0.0,100
8423720,685600,3568,2.47,0.0,0.0,100
8423720,685600,3576,2.47,0.0,0.0,100
8424020,685240,3320,2.47,0.0,0.0,100
8424020,685240,3328,2.47,0.0,0.0,100
8424020,685240,3336,2.47,0.0,0.0,100
8424020,685240,3344,2.47,0.0,0.0,100
8424020,685240,3352,2.47,0.0,0.0,100
8424020,685240,3360,2.47,0.0,0.0,100
8424020,685240,3368,2.47,0.0,0.0,100
8424020,685240,3376,2.47,0.0,0.0,100
8424020,685240,3384,2.47,0.0,0.0,100
8424020,685240,3392,2.47,0.0,0.0,100
8424020,685240,3400,2.47,0.0,0.0,100
8424020,685240,3408,2.47,0.0,0.0,100
8424020,685240,3416,2.47,0.0,0.0,100
8424020,685240,3424,2.47,0.0,0.0,100
8424020,685240,3432,2.47,0.0,0.0,100
8424020,685240,3440,2.47,0.0,0.0,100
8424020,685240,3448,2.47,0.0,0.0,100
8424020,685240,3456,2.47,0.0,0.0,100
8424020,685240,3464,2.47,0.0,0.0,100
8424020,685240,3472,2.47,0.0,0.0,100
8424020,685240,3480,2.47,0.0,0.0,100
8424020,685240,3488,2.47,0.0,0.0,100
8424020,685240,3496,2.47,0.0,0.0,100
8424020,685240,3504,2.47,0.0,0.0,100
8424020,685240,3512,2.47,0.0,0.0,100
8424020,685240,3520,2.47,0.0,0.0,100
8424020,685240,3528,2.47,0.0,0.0,100
8424020,685240,3536,2.47,0.0,0.0,100
8423630,685510,3320,2.47,0.0,0.0,500
8423630,685510,3328,2.47,0.0,0.0,500
8423630,685510,3336,2.47,0.0,0.0,500
8423630,685510,3344,2.47,0.0,0.0,500
8423630,685510,3352,2.47,0.0,0.0,500
8423630,685510,3360,2.47,0.0,0.0,500
8423630,685510,3368,2.31,0.004,0.0,400
8423630,685510,3376,2.31,0.004,0.096,400
8423630,685510,3384,2.31,0.004,0.098,400
8423630,685510,3392,2.31,0.005,0.087,400
8423630,685510,3400,2.31,0.006,0.084,400
8423630,685510,3408,2.31,0.007,0.137,400
8423630,685510,3416,2.31,0.008,0.164,400
8423630,685510,3424,2.31,0.009,0.2,400
8423630,685510,3432,2.31,0.01,0.201,400
8423630,685510,3440,2.47,0.0,0.0,200
8423630,685510,3448,2.47,0.0,0.0,200
8423630,685510,3456,2.47,0.0,0.0,200
8423630,685510,3464,2.47,0.0,0.0,200
8423630,685510,3472,2.47,0.0,0.0,200
8423630,685510,3480,2.47,0.0,0.0,100
8423630,685510,3488,2.47,0.0,0.0,100
8423630,685510,3496,2.47,0.0,0.0,100
8423630,685510,3504,2.47,0.0,0.0,100
8423630,685510,3512,2.47,0.0,0.0,100
8423630,685510,3520,2.47,0.0,0.0,100
8423630,685510,3528,2.47,0.0,0.0,100
8423630,685510,3536,2.47,0.0,0.0,100
8423630,685510,3544,2.47,0.0,0.0,100
8423630,685510,3552,2.47,0.0,0.0,100
8423630,685510,3560,2.47,0.0,0.0,100
8423630,685510,3568,2.47,0.0,0.0,100
8423630,685510,3576,2.47,0.0,0.0,100
8423630,685510,3584,2.47,0.0,0.0,100
8423630,685510,3592,2.47,0.0,0.0,100
8423135,686260,3320,2.47,0.0,0.0,100
8423135,686260,3328,2.47,0.0,0.0,100
8423135,686260,3336,2.47,0.0,0.0,100
8423135,686260,3344,2.47,0.0,0.0,100
8424440,685255,3320,2.47,0.0,0.0,100
8424440,685255,3328,2.47,0.0,0.0,100
8424440,685255,3336,2.47,0.0,0.0,100
8424440,685255,3344,2.47,0.0,0.0,100
8424440,685255,3352,2.47,0.0,0.0,100
8424440,685255,3360,2.47,0.0,0.0,100
8424440,685255,3368,2.47,0.0,0.0,100
8424440,685255,3376,2.47,0.0,0.0,100
8424440,685255,3384,2.47,0.0,0.0,100
8424440,685255,3392,2.47,0.0,0.0,100
8424440,685255,3400,2.47,0.0,0.0,100
8424440,685255,3408,2.47,0.0,0.0,100
8424440,685255,3416,2.47,0.0,0.0,100
8424440,685255,3424,2.47,0.0,0.0,100
8424440,685255,3432,2.47,0.0,0.0,100
8424440,685255,3440,2.47,0.0,0.0,100
8424440,685255,3448,2.47,0.0,0.0,100
8424440,685255,3456,2.47,0.0,0.0,100
8424440,685255,3464,2.47,0.0,0.0,100
8424440,685255,3472,2.47,0.0,0.0,100
8424440,685255,3480,2.47,0.0,0.0,100
8424440,685255,3488,2.47,0.0,0.0,100
8424440,685255,3496,2.47,0.0,0.0,100
8424440,685255,3504,2.47,0.0,0.0,100
8424440,685255,3512,2.47,0.0,0.0,100
8424440,685255,3520,2.47,0.0,0.0,100
8424440,685255,3528,2.47,0.0,0.0,100
8424440,685255,3536,2.47,0.0,0.0,100
8423870,685660,3320,2.47,0.0,0.0,500
8423870,685660,3328,2.47,0.0,0.0,500
8423870,685660,3336,2.47,0.0,0.0,500
8423870,685660,3344,2.31,0.042,0.0,400
8423870,685660,3352,2.31,0.041,0.0,400
8423870,685660,3360,2.31,0.038,0.165,400
8423870,685660,3368,2.31,0.026,0.157,400
8423870,685660,3376,2.31,0.027,0.166,400
8423870,685660,3384,2.31,0.033,0.186,400
8423870,685660,3392,2.31,0.046,0.246,400
8423870,685660,3400,2.43,0.082,0.475,400
8423870,685660,3408,2.43,0.169,0.824,400
8423870,685660,3416,2.43,0.256,1.114,400
8423870,685660,3424,2.43,0.225,1.309,400
8423870,685660,3432,2.43,0.171,1.033,400
8423870,685660,3440,2.43,0.126,0.822,400
8423870,685660,3448,2.43,0.096,0.676,400
8423870,685660,3456,2.43,0.108,0.451,400
8423870,685660,3464,2.31,0.099,0.357,400
8423870,685660,3472,2.31,0.11,0.333,400
8423870,685660,3480,2.31,0.134,0.269,400
8423870,685660,3488,2.43,0.137,0.401,400
8423870,685660,3496,2.43,0.152,0.452,400
8423870,685660,3504,2.43,0.197,0.559,400
8423870,685660,3512,2.31,0.19,0.218,400
8423870,685660,3520,2.31,0.181,0.156,400
8423870,685660,3528,2.31,0.128,0.261,400
8423870,685660,3536,2.47,0.0,0.0,100
8423870,685660,3544,2.47,0.0,0.0,100
8423870,685660,3552,2.47,0.0,0.0,100
8423870,685660,3560,2.47,0.0,0.0,100
8423870,685660,3568,2.47,0.0,0.0,100
8423870,685660,3576,2.47,0.0,0.0,100
8423855,685660,3320,2.47,0.0,0.0,500
8423855,685660,3328,2.47,0.0,0.0,500
8423855,685660,3336,2.47,0.0,0.0,500
8423855,685660,3344,2.47,0.0,0.0,500
8423855,685660,3352,2.47,0.0,0.0,500
8423855,685660,3360,2.31,0.03,0.0,400
8423855,685660,3368,2.31,0.022,0.16,400
8423855,685660,3376,2.31,0.024,0.0,400
8423855,685660,3384,2.31,0.031,0.163,400
8423855,685660,3392,2.31,0.048,0.22,400
8423855,685660,3400,2.43,0.084,0.431,400
8423855,685660,3408,2.43,0.16,0.86,400
8423855,685660,3416,2.43,0.266,1.172,400
8423855,685660,3424,2.43,0.266,1.356,400
8423855,685660,3432,2.43,0.159,1.03,400
8423855,685660,3440,2.43,0.103,0.774,400
8423855,685660,3448,2.43,0.107,0.757,400
8423855,685660,3456,2.43,0.105,0.514,400
8423855,685660,3464,2.31,0.101,0.354,400
8423855,685660,3472,2.43,0.112,0.385,400
8423855,685660,3480,2.31,0.123,0.253,400
8423855,685660,3488,2.43,0.123,0.313,400
8423855,685660,3496,2.43,0.145,0.408,400
8423855,685660,3504,2.43,0.192,0.578,400
8423855,685660,3512,2.31,0.177,0.226,400
8423855,685660,3520,2.31,0.177,0.166,400
8423855,685660,3528,2.31,0.148,0.0,400
8423855,685660,3536,2.47,0.0,0.0,100
8423855,685660,3544,2.47,0.0,0.0,100
8423855,685660,3552,2.47,0.0,0.0,100
8423855,685660,3560,2.47,0.0,0.0,100
8423855,685660,3568,2.47,0.0,0.0,100
8424200,686170,3320,2.47,0.0,0.0,100
8424200,686170,3328,2.47,0.0,0.0,100
8424200,686170,3336,2.47,0.0,0.0,100
8424200,686170,3344,2.47,0.0,0.0,100
8424200,686170,3352,2.47,0.0,0.0,100
8424200,686170,3360,2.47,0.0,0.0,100
8424200,686170,3368,2.47,0.0,0.0,100
8424200,686170,3376,2.47,0.0,0.0,100
8424200,686170,3384,2.47,0.0,0.0,100
8424200,686170,3392,2.47,0.0,0.0,100
8424200,686170,3400,2.47,0.0,0.0,100
8424200,686170,3408,2.47,0.0,0.0,100
8424200,686170,3416,2.47,0.0,0.0,100
8424200,686170,3424,2.47,0.0,0.0,100
8424200,686170,3432,2.47,0.0,0.0,100
8424200,686170,3440,2.47,0.0,0.0,100
8424200,686170,3448,2.47,0.0,0.0,100
8424200,686170,3456,2.47,0.0,0.0,100
8424200,686170,3464,2.47,0.0,0.0,100
8424200,686170,3472,2.47,0.0,0.0,100
8424200,686170,3480,2.47,0.0,0.0,100
8424200,686170,3488,2.47,0.0,0.0,100
8424200,686170,3496,2.47,0.0,0.0,100
8424200,686170,3504,2.47,0.0,0.0,100
8424200,686170,3512,2.47,0.0,0.0,100
8424200,686170,3520,2.47,0.0,0.0,100
8424200,686170,3528,2.47,0.0,0.0,100
8424200,686170,3536,2.47,0.0,0.0,100
8424200,686170,3544,2.47,0.0,0.0,100
8424200,686170,3552,2.47,0.0,0.0,100
8424200,686170,3560,2.47,0.0,0.0,100
8424200,686170,3568,2.47,0.0,0.0,100
8424200,686170,3576,2.47,0.0,0.0,100
8424200,686170,3584,2.47,0.0,0.0,100
8424200,686170,3592,2.47,0.0,0.0,100
8424200,686170,3600,2.47,0.0,0.0,100
8424200,686170,3608,2.47,0.0,0.0,100
8424200,686170,3616,2.47,0.0,0.0,100
8424200,686170,3624,2.47,0.0,0.0,100
8424200,686170,3632,2.47,0.0,0.0,100
8424200,686170,3640,2.47,0.0,0.0,100
8424200,686170,3648,2.47,0.0,0.0,100
8424200,686170,3656,2.47,0.0,0.0,100
8423435,685420,3320,2.47,0.0,0.0,500
8423435,685420,3328,2.47,0.0,0.0,500
8423435,685420,3336,2.47,0.0,0.0,500
8423435,685420,3344,2.47,0.0,0.0,500
8423435,685420,3352,2.47,0.0,0.0,500
8423435,685420,3360,2.47,0.0,0.0,500
8423435,685420,3368,2.47,0.0,0.0,500
8423435,685420,3376,2.31,0.01,0.033,400
8423435,685420,3384,2.31,0.01,0.033,400
8423435,685420,3392,2.31,0.011,0.033,400
8423435,685420,3400,2.31,0.011,0.034,400
8423435,685420,3408,2.31,0.016,0.123,400
8423435,685420,3416,2.31,0.016,0.124,400
8423435,685420,3424,2.31,0.019,0.142,400
8423435,685420,3432,2.31,0.019,0.17,400
8423435,685420,3440,2.31,0.02,0.11,400
8423435,685420,3448,2.31,0.02,0.12,400
8423435,685420,3456,2.31,0.0,0.0,400
8423435,685420,3464,2.31,0.0,0.0,400
8423435,685420,3472,2.47,0.0,0.0,100
8423435,685420,3480,2.47,0.0,0.0,100
8423435,685420,3488,2.47,0.0,0.0,100
8423435,685420,3496,2.47,0.0,0.0,100
8423435,685420,3504,2.47,0.0,0.0,100
8423435,685420,3512,2.47,0.0,0.0,100
8423420,685465,3320,2.47,0.0,0.0,500
8423420,685465,3328,2.47,0.0,0.0,500
8423420,685465,3336,2.47,0.0,0.0,500
8423420,685465,3344,2.47,0.0,0.0,500
8423420,685465,3352,2.47,0.0,0.0,500
8423420,685465,3360,2.47,0.0,0.0,500
8423420,685465,3368,2.47,0.0,0.0,500
8423420,685465,3376,2.47,0.0,0.0,500
8423420,685465,3384,2.47,0.0,0.0,500
8423420,685465,3392,2.47,0.01,0.075,500
8423420,685465,3400,2.31,0.01,0.1,400
8423420,685465,3408,2.31,0.015,0.095,400
8423420,685465,3416,2.31,0.017,0.089,400
8423420,685465,3424,2.31,0.015,0.1,400
8423420,685465,3432,2.31,0.022,0.152,400
8423420,685465,3440,2.31,0.022,0.152,400
8423420,685465,3448,2.31,0.021,0.171,400
8423420,685465,3456,2.31,0.0,0.0,400
8423420,685465,3464,2.31,0.0,0.0,400
8423420,685465,3472,2.47,0.0,0.0,100
8423420,685465,3480,2.47,0.0,0.0,100
8423420,685465,3488,2.47,0.0,0.0,100
8423420,685465,3496,2.47,0.0,0.0,100
8423420,685465,3504,2.47,0.0,0.0,100
8423570,685435,3320,2.47,0.0,0.0,500
8423570,685435,3328,2.47,0.0,0.0,500
8423570,685435,3336,2.47,0.0,0.0,500
8423570,685435,3344,2.47,0.0,0.0,500
8423570,685435,3352,2.47,0.0,0.0,500
8423570,685435,3360,2.47,0.0,0.0,500
8423570,685435,3368,2.47,0.0,0.0,500
8423570,685435,3376,2.31,0.01,0.091,400
8423570,685435,3384,2.31,0.015,0.111,400
8423570,685435,3392,2.31,0.023,0.171,400
8423570,685435,3400,2.31,0.024,0.208,400
8423570,685435,3408,2.31,0.025,0.225,400
8423570,685435,3416,2.31,0.026,0.238,400
8423570,685435,3424,2.31,0.026,0.202,400
8423570,685435,3432,2.31,0.028,0.206,400
8423570,685435,3440,2.31,0.027,0.194,400
8423570,685435,3448,2.31,0.026,0.2,400
8423570,685435,3456,2.31,0.0,0.0,400
8423570,685435,3464,2.47,0.0,0.0,200
8423570,685435,3472,2.47,0.0,0.0,200
8423570,685435,3480,2.47,0.0,0.0,100
8423570,685435,3488,2.47,0.0,0.0,100
8423570,685435,3496,2.47,0.0,0.0,100
8423570,685435,3504,2.47,0.0,0.0,100
8423570,685435,3512,2.47,0.0,0.0,100
8423570,685435,3520,2.47,0.0,0.0,100
8423570,685435,3528,2.47,0.0,0.0,100
8423570,685435,3536,2.47,0.0,0.0,100
8423570,685435,3544,2.47,0.0,0.0,100
8423570,685435,3552,2.47,0.0,0.0,100
8423570,685435,3560,2.47,0.0,0.0,100
8423570,685435,3568,2.47,0.0,0.0,100
8423570,685435,3576,2.47,0.0,0.0,100
8423570,685435,3584,2.47,0.0,0.0,100
8423570,685435,3592,2.47,0.0,0.0,100
8423600,686515,3320,2.47,0.0,0.0,100
8423600,686515,3328,2.47,0.0,0.0,100
8423600,686515,3336,2.47,0.0,0.0,100
8423600,686515,3344,2.47,0.0,0.0,100
8423600,686515,3352,2.47,0.0,0.0,100
8423600,686515,3360,2.47,0.0,0.0,100
8423600,686515,3368,2.47,0.0,0.0,100
8423600,686515,3376,2.47,0.0,0.0,100
8423600,686515,3384,2.47,0.0,0.0,100
8423600,686515,3392,2.47,0.0,0.0,100
8423600,686515,3400,2.47,0.0,0.0,100
8423600,686515,3408,2.47,0.0,0.0,100
8423600,686515,3416,2.47,0.0,0.0,100
8423600,686515,3424,2.47,0.0,0.0,100
8423600,686515,3432,2.47,0.0,0.0,100
8423600,686515,3440,2.47,0.0,0.0,100
8423600,686515,3448,2.47,0.0,0.0,100
8423600,686515,3456,2.47,0.0,0.0,100
8423600,686515,3464,2.47,0.0,0.0,100
8423600,686515,3472,2.47,0.0,0.0,100
8423600,686515,3480,2.47,0.0,0.0,100
8423600,686515,3488,2.47,0.0,0.0,100
8423600,686515,3496,2.47,0.0,0.0,100
8423600,686515,3504,2.47,0.0,0.0,100
8423690,685615,3320,2.47,0.0,0.0,500
8423690,685615,3328,2.47,0.0,0.0,500
8423690,685615,3336,2.47,0.0,0.0,500
8423690,685615,3344,2.47,0.0,0.0,500
8423690,685615,3352,2.47,0.0,0.0,500
8423690,685615,3360,2.47,0.0,0.0,500
8423690,685615,3368,2.47,0.0,0.0,500
8423690,685615,3376,2.31,0.027,0.136,400
8423690,685615,3384,2.31,0.029,0.166,400
8423690,685615,3392,2.31,0.029,0.178,400
8423690,685615,3400,2.31,0.032,0.224,400
8423690,685615,3408,2.31,0.022,0.244,400
8423690,685615,3416,2.31,0.043,0.24,400
8423690,685615,3424,2.31,0.083,0.0,400
8423690,685615,3432,2.31,0.093,0.0,400
8423690,685615,3440,2.31,0.094,0.279,400
8423690,685615,3448,2.31,0.061,0.321,400
8423690,685615,3456,2.43,0.058,0.458,400
8423690,685615,3464,2.47,0.076,0.795,200
8423690,685615,3472,2.47,0.0,0.0,200
8423690,685615,3480,2.47,0.0,0.0,200
8423690,685615,3488,2.47,0.0,0.0,100
8423690,685615,3496,2.47,0.0,0.0,100
8423690,685615,3504,2.47,0.0,0.0,100
8423690,685615,3512,2.47,0.0,0.0,100
8423690,685615,3520,2.47,0.0,0.0,100
8423690,685615,3528,2.47,0.0,0.0,100
8423690,685615,3536,2.47,0.0,0.0,100
8423690,685615,3544,2.47,0.0,0.0,100
8423690,685615,3552,2.47,0.0,0.0,100
8423690,685615,3560,2.47,0.0,0.0,100
8423945,686425,3320,2.47,0.0,0.0,100
8423945,686425,3328,2.47,0.0,0.0,100
8423945,686425,3336,2.47,0.0,0.0,100
8423945,686425,3344,2.47,0.0,0.0,100
8423945,686425,3352,2.47,0.0,0.0,100
8423945,686425,3360,2.47,0.0,0.0,100
8423945,686425,3368,2.47,0.0,0.0,100
8423945,686425,3376,2.47,0.0,0.0,100
8423945,686425,3384,2.47,0.0,0.0,100
8423945,686425,3392,2.47,0.0,0.0,100
8423945,686425,3400,2.47,0.0,0.0,100
8423945,686425,3408,2.47,0.0,0.0,100
8423945,686425,3416,2.47,0.0,0.0,100
8423945,686425,3424,2.47,0.0,0.0,100
8423945,686425,3432,2.47,0.0,0.0,100
8423945,686425,3440,2.47,0.0,0.0,100
8423945,686425,3448,2.47,0.0,0.0,100
8423945,686425,3456,2.47,0.0,0.0,100
8423945,686425,3464,2.47,0.0,0.0,100
8423945,686425,3472,2.47,0.0,0.0,100
8423945,686425,3480,2.47,0.0,0.0,100
8423945,686425,3488,2.47,0.0,0.0,100
8423945,686425,3496,2.47,0.0,0.0,100
8423945,686425,3504,2.47,0.0,0.0,100
8423945,686425,3512,2.47,0.0,0.0,100
8423945,686425,3520,2.47,0.0,0.0,100
8423945,686425,3528,2.47,0.0,0.0,100
8423945,686425,3536,2.47,0.0,0.0,100
8423945,686425,3544,2.47,0.0,0.0,100
8424455,686665,3320,2.47,0.0,0.0,100
8424455,686665,3328,2.47,0.0,0.0,100
8424455,686665,3336,2.47,0.0,0.0,100
8424455,686665,3344,2.47,0.0,0.0,100
8424455,686665,3352,2.47,0.0,0.0,100
8424455,686665,3360,2.47,0.0,0.0,100
8424455,686665,3368,2.47,0.0,0.0,100
8424455,686665,3376,2.47,0.0,0.0,100
8424455,686665,3384,2.47,0.0,0.0,100
8424455,686665,3392,2.47,0.0,0.0,100
8424455,686665,3400,2.47,0.0,0.0,100
8424455,686665,3408,2.47,0.0,0.0,100
8424455,686665,3416,2.47,0.0,0.0,100
8424455,686665,3424,2.47,0.0,0.0,100
8424455,686665,3432,2.47,0.0,0.0,100
8424455,686665,3440,2.47,0.0,0.0,100
8424455,686665,3448,2.47,0.0,0.0,100
8424455,686665,3456,2.47,0.0,0.0,100
8424455,686665,3464,2.47,0.0,0.0,100
8424455,686665,3472,2.47,0.0,0.0,100
8424455,686665,3480,2.47,0.0,0.0,100
8424455,686665,3488,2.47,0.0,0.0,100
8424455,686665,3496,2.47,0.0,0.0,100
8424455,686665,3504,2.47,0.0,0.0,100
8424455,686665,3512,2.47,0.0,0.0,100
8424455,686665,3520,2.47,0.0,0.0,100
8424455,686665,3528,2.47,0.0,0.0,100
8424455,686665,3536,2.47,0.0,0.0,100
8424455,686665,3544,2.47,0.0,0.0,100
8424455,686665,3552,2.47,0.0,0.0,100
8424455,686665,3560,2.47,0.0,0.0,100
8424455,686665,3568,2.47,0.0,0.0,100
8424455,686665,3576,2.47,0.0,0.0,100
8424455,686665,3584,2.47,0.0,0.0,100
8424455,686665,3592,2.47,0.0,0.0,100
8424455,686665,3600,2.47,0.0,0.0,100
8424455,686665,3608,2.47,0.0,0.0,100
8424455,686665,3616,2.47,0.0,0.0,100
8424455,686665,3624,2.47,0.0,0.0,100
8424455,686665,3632,2.47,0.0,0.0,100
8424455,686665,3640,2.47,0.0,0.0,100
8424455,686665,3648,2.47,0.0,0.0,100
8424455,686665,3656,2.47,0.0,0.0,100
8424455,686665,3664,2.47,0.0,0.0,100
8424455,686665,3672,2.47,0.0,0.0,100
8424455,686665,3680,2.47,0.0,0.0,100
8424455,686665,3688,2.47,0.0,0.0,100
8424455,686665,3696,2.47,0.0,0.0,100
8424455,686665,3704,2.47,0.0,0.0,100
8424455,686665,3712,2.47,0.0,0.0,100
8424455,686665,3720,2.47,0.0,0.0,100
8424455,686665,3728,2.47,0.0,0.0,100
8424455,686665,3736,2.47,0.0,0.0,100
8423315,685990,3320,2.47,0.0,0.0,500
8423315,685990,3328,2.47,0.0,0.0,500
8423315,685990,3336,2.47,0.0,0.0,500
8423315,685990,3344,2.47,0.0,0.0,500
8423315,685990,3352,2.47,0.0,0.0,500
8423315,685990,3360,2.47,0.0,0.0,500
8423315,685990,3368,2.47,0.0,0.0,500
8423315,685990,3376,2.47,0.0,0.0,500
8423315,685990,3384,2.47,0.0,0.0,500
8423315,685990,3392,2.47,0.0,0.0,500
8423315,685990,3400,2.47,0.0,0.0,500
8423315,685990,3408,2.47,0.0,0.0,500
8423075,685330,3320,2.47,0.0,0.0,500
8423075,685330,3328,2.47,0.0,0.0,500
8423075,685330,3336,2.47,0.0,0.0,500
8423075,685330,3344,2.47,0.0,0.0,500
8423075,685330,3352,2.47,0.0,0.0,500
8423075,685330,3360,2.47,0.0,0.0,500
8423075,685330,3368,2.47,0.0,0.0,500
8423075,685330,3376,2.47,0.0,0.0,500
8423075,685330,3384,2.47,0.0,0.0,500
8423075,685330,3392,2.47,0.0,0.0,500
8423075,685330,3400,2.47,0.0,0.0,500
8423735,685435,3320,2.47,0.0,0.0,500
8423735,685435,3328,2.47,0.0,0.0,500
8423735,685435,3336,2.31,0.006,0.0,400
8423735,685435,3344,2.31,0.007,0.074,400
8423735,685435,3352,2.31,0.007,0.072,400
8423735,685435,3360,2.31,0.007,0.07,400
8423735,685435,3368,2.31,0.007,0.072,400
8423735,685435,3376,2.31,0.008,0.074,400
8423735,685435,3384,2.31,0.008,0.091,400
8423735,685435,3392,2.31,0.007,0.128,400
8423735,685435,3400,2.31,0.011,0.151,400
8423735,685435,3408,2.31,0.014,0.22,400
8423735,685435,3416,2.31,0.019,0.266,400
8423735,685435,3424,2.31,0.019,0.256,400
8423735,685435,3432,2.31,0.015,0.149,400
8423735,685435,3440,2.47,0.0,0.0,200
8423735,685435,3448,2.47,0.0,0.0,200
8423735,685435,3456,2.47,0.0,0.0,200
8423735,685435,3464,2.47,0.0,0.0,200
8423735,685435,3472,2.47,0.0,0.0,200
8423735,685435,3480,2.47,0.0,0.0,100
8423735,685435,3488,2.47,0.0,0.0,100
8423735,685435,3496,2.47,0.0,0.0,100
8423735,685435,3504,2.47,0.0,0.0,100
8423735,685435,3512,2.47,0.0,0.0,100
8423735,685435,3520,2.47,0.0,0.0,100
8423735,685435,3528,2.47,0.0,0.0,100
8423735,685435,3536,2.47,0.0,0.0,100
8423735,685435,3544,2.47,0.0,0.0,100
8423735,685435,3552,2.47,0.0,0.0,100
8423735,685435,3560,2.47,0.0,0.0,100
8423735,685435,3568,2.47,0.0,0.0,100
8423735,685435,3576,2.47,0.0,0.0,100
8423735,685435,3584,2.47,0.0,0.0,100
8423735,685435,3592,2.47,0.0,0.0,100
8423735,685435,3600,2.47,0.0,0.0,100
8423735,685435,3608,2.47,0.0,0.0,100
8423075,686650,3320,2.47,0.0,0.0,100
8423075,686650,3328,2.47,0.0,0.0,100
8423075,686650,3336,2.47,0.0,0.0,100
8423075,686650,3344,2.47,0.0,0.0,100
8423075,686650,3352,2.47,0.0,0.0,100
8423075,686650,3360,2.47,0.0,0.0,100
8423075,686650,3368,2.47,0.0,0.0,100
8423075,686650,3376,2.47,0.0,0.0,100
8423075,686650,3384,2.47,0.0,0.0,100
8423075,686650,3392,2.47,0.0,0.0,100
8423075,686650,3400,2.47,0.0,0.0,100
8423075,686650,3408,2.47,0.0,0.0,100
8423075,686650,3416,2.47,0.0,0.0,100
8423075,686650,3424,2.47,0.0,0.0,100
8423075,686650,3432,2.47,0.0,0.0,100
8423075,686650,3440,2.47,0.0,0.0,100
8423075,686650,3448,2.47,0.0,0.0,100
8423075,686650,3456,2.47,0.0,0.0,100
8423075,686650,3464,2.47,0.0,0.0,100
8423075,686650,3472,2.47,0.0,0.0,100
8423075,686650,3480,2.47,0.0,0.0,100
8423075,686650,3488,2.47,0.0,0.0,100
8423075,686650,3496,2.47,0.0,0.0,100
8423075,686650,3504,2.47,0.0,0.0,100
8423075,686650,3512,2.47,0.0,0.0,100
8423075,686650,3520,2.47,0.0,0.0,100
8423075,686650,3528,2.47,0.0,0.0,100
8423075,686650,3536,2.47,0.0,0.0,100
8423075,686650,3544,2.47,0.0,0.0,100
8423075,686650,3552,2.47,0.0,0.0,100
8423075,686650,3560,2.47,0.0,0.0,100
8423075,686650,3568,2.47,0.0,0.0,100
8423075,686650,3576,2.47,0.0,0.0,100
8423075,686650,3584,2.47,0.0,0.0,100
8423075,686650,3592,2.47,0.0,0.0,100
8423075,686650,3600,2.47,0.0,0.0,100
8423075,686650,3608,2.47,0.0,0.0,100
8423075,686650,3616,2.47,0.0,0.0,100
8423810,685825,3320,2.47,0.0,0.0,500
8423810,685825,3328,2.47,0.0,0.0,500
8423810,685825,3336,2.47,0.0,0.0,500
8423810,685825,3344,2.47,0.0,0.0,500
8423810,685825,3352,2.31,0.028,0.0,400
8423810,685825,3360,2.31,0.047,0.0,400
8423810,685825,3368,2.31,0.083,0.176,400
8423810,685825,3376,2.31,0.116,0.228,400
8423810,685825,3384,2.31,0.146,0.247,400
8423810,685825,3392,2.31,0.148,0.245,400
8423810,685825,3400,2.31,0.14,0.251,400
8423810,685825,3408,2.31,0.108,0.236,400
8423810,685825,3416,2.31,0.076,0.183,400
8423810,685825,3424,2.31,0.271,0.244,400
8423810,685825,3432,2.43,0.579,1.07,400
8423810,685825,3440,2.43,0.93,1.956,400
8423810,685825,3448,2.43,0.831,1.561,400
8423810,685825,3456,2.43,0.367,1.187,400
8423810,685825,3464,2.43,0.344,1.006,400
8423810,685825,3472,2.43,0.354,0.649,400
8423810,685825,3480,2.43,0.316,0.34,400
8423810,685825,3488,2.31,0.265,0.157,400
8423810,685825,3496,2.31,0.234,0.137,400
8423810,685825,3504,2.31,0.245,0.214,400
8423810,685825,3512,2.31,0.23,0.202,400
8423810,685825,3520,2.31,0.164,0.0,400
8423810,685825,3528,2.31,0.085,0.036,400
8423810,685825,3536,2.31,0.04,0.038,300
8424515,686605,3320,2.47,0.0,0.0,100
8424515,686605,3328,2.47,0.0,0.0,100
8424515,686605,3336,2.47,0.0,0.0,100
8424515,686605,3344,2.47,0.0,0.0,100
8424515,686605,3352,2.47,0.0,0.0,100
8424515,686605,3360,2.47,0.0,0.0,100
8424515,686605,3368,2.47,0.0,0.0,100
8424515,686605,3376,2.47,0.0,0.0,100
8424515,686605,3384,2.47,0.0,0.0,100
8424515,686605,3392,2.47,0.0,0.0,100
8424515,686605,3400,2.47,0.0,0.0,100
8424515,686605,3408,2.47,0.0,0.0,100
8424515,686605,3416,2.47,0.0,0.0,100
8424515,686605,3424,2.47,0.0,0.0,100
8424515,686605,3432,2.47,0.0,0.0,100
8424515,686605,3440,2.47,0.0,0.0,100
8424515,686605,3448,2.47,0.0,0.0,100
8424515,686605,3456,2.47,0.0,0.0,100
8424515,686605,3464,2.47,0.0,0.0,100
8424515,686605,3472,2.47,0.0,0.0,100
8424515,686605,3480,2.47,0.0,0.0,100
8424515,686605,3488,2.47,0.0,0.0,100
8424515,686605,3496,2.47,0.0,0.0,100
8424515,686605,3504,2.47,0.0,0.0,100
8424515,686605,3512,2.47,0.0,0.0,100
8424515,686605,3520,2.47,0.0,0.0,100
8424515,686605,3528,2.47,0.0,0.0,100
8424515,686605,3536,2.47,0.0,0.0,100
8424515,686605,3544,2.47,0.0,0.0,100
8424515,686605,3552,2.47,0.0,0.0,100
8424515,686605,3560,2.47,0.0,0.0,100
8424515,686605,3568,2.47,0.0,0.0,100
8424515,686605,3576,2.47,0.0,0.0,100
8424515,686605,3584,2.47,0.0,0.0,100
8424515,686605,3592,2.47,0.0,0.0,100
8424515,686605,3600,2.47,0.0,0.0,100
8424515,686605,3608,2.47,0.0,0.0,100
8424515,686605,3616,2.47,0.0,0.0,100
8424515,686605,3624,2.47,0.0,0.0,100
8424515,686605,3632,2.47,0.0,0.0,100
8424515,686605,3640,2.47,0.0,0.0,100
8424515,686605,3648,2.47,0.0,0.0,100
8424515,686605,3656,2.47,0.0,0.0,100
8424515,686605,3664,2.47,0.0,0.0,100
8424515,686605,3672,2.47,0.0,0.0,100
8424515,686605,3680,2.47,0.0,0.0,100
8424515,686605,3688,2.47,0.0,0.0,100
8424515,686605,3696,2.47,0.0,0.0,100
8424515,686605,3704,2.47,0.0,0.0,100
8424515,686605,3712,2.47,0.0,0.0,100
8424515,686605,3720,2.47,0.0,0.0,100
8424515,686605,3728,2.47,0.0,0.0,100
8424515,686605,3736,2.47,0.0,0.0,100
8424515,686605,3744,2.47,0.0,0.0,100
8424515,686605,3752,2.47,0.0,0.0,100
8424515,686605,3760,2.47,0.0,0.0,100
8424515,686605,3768,2.47,0.0,0.0,100
8424515,686605,3776,2.47,0.0,0.0,100
8423990,686215,3320,2.47,0.0,0.0,100
8423990,686215,3328,2.47,0.0,0.0,100
8423990,686215,3336,2.47,0.0,0.0,100
8423990,686215,3344,2.47,0.0,0.0,100
8423990,686215,3352,2.47,0.0,0.0,100
8423990,686215,3360,2.47,0.0,0.0,100
8423990,686215,3368,2.47,0.0,0.0,100
8423990,686215,3376,2.47,0.0,0.0,100
8423990,686215,3384,2.47,0.0,0.0,100
8423990,686215,3392,2.47,0.0,0.0,100
8423990,686215,3400,2.47,0.0,0.0,100
8423990,686215,3408,2.47,0.0,0.0,100
8423990,686215,3416,2.47,0.0,0.0,100
8423990,686215,3424,2.47,0.0,0.0,100
8423990,686215,3432,2.47,0.0,0.0,100
8423990,686215,3440,2.47,0.0,0.0,100
8423990,686215,3448,2.47,0.0,0.0,100
8423990,686215,3456,2.47,0.0,0.0,100
8423990,686215,3464,2.47,0.0,0.0,100
8423990,686215,3472,2.47,0.0,0.0,100
8423990,686215,3480,2.47,0.0,0.0,100
8423990,686215,3488,2.47,0.0,0.0,100
8423990,686215,3496,2.47,0.0,0.0,100
8423990,686215,3504,2.47,0.0,0.0,100
8423990,686215,3512,2.47,0.0,0.0,100
8423990,686215,3520,2.47,0.0,0.0,100
8423990,686215,3528,2.47,0.0,0.0,100
8423990,686215,3536,2.47,0.0,0.0,100
8424095,685750,3320,2.31,0.025,0.195,400
8424095,685750,3328,2.31,0.022,0.191,400
8424095,685750,3336,2.31,0.021,0.184,400
8424095,685750,3344,2.31,0.021,0.17,400
8424095,685750,3352,2.31,0.019,0.116,400
8424095,685750,3360,2.31,0.018,0.11,400
8424095,685750,3368,2.31,0.009,0.119,400
8424095,685750,3376,2.31,0.01,0.137,400
8424095,685750,3384,2.31,0.01,0.152,400
8424095,685750,3392,2.31,0.009,0.169,400
8424095,685750,3400,2.31,0.01,0.181,400
8424095,685750,3408,2.31,0.01,0.185,400
8424095,685750,3416,2.31,0.009,0.161,400
8424095,685750,3424,2.31,0.01,0.183,400
8424095,685750,3432,2.31,0.02,0.221,400
8424095,685750,3440,2.31,0.027,0.256,400
8424095,685750,3448,2.43,0.039,0.343,400
8424095,685750,3456,2.31,0.079,0.0,400
8424095,685750,3464,2.31,0.0,0.0,300
8424095,685750,3472,2.31,0.0,0.0,300
8424095,685750,3480,2.31,0.0,0.0,300
8424095,685750,3488,2.31,0.0,0.0,300
8424095,685750,3496,2.31,0.0,0.0,300
8424095,685750,3504,2.31,0.0,0.0,300
8424095,685750,3512,2.31,0.0,0.0,300
8424095,685750,3520,2.31,0.0,0.0,300
8424095,685750,3528,2.31,0.0,0.0,300
8424095,685750,3536,2.31,0.0,0.0,300
8424095,685750,3544,2.31,0.0,0.0,300
8424095,685750,3552,2.31,0.0,0.0,300
8424095,685750,3560,2.31,0.0,0.0,300
8424095,685750,3568,2.31,0.0,0.0,300
8424095,685750,3576,2.31,0.0,0.0,300
8424095,685750,3584,2.31,0.0,0.0,300
8424095,685750,3592,2.31,0.0,0.0,300
8424095,685750,3600,2.31,0.0,0.0,300
8424095,685750,3608,2.31,0.0,0.0,300
8424095,685750,3616,2.31,0.0,0.0,300
8424095,685750,3624,2.47,0.0,0.0,100
8424095,685750,3632,2.47,0.0,0.0,100
8424095,685750,3640,2.47,0.0,0.0,100
8423735,686185,3320,2.47,0.0,0.0,500
8423735,686185,3328,2.47,0.0,0.0,500
8423735,686185,3336,2.47,0.0,0.0,500
8423735,686185,3344,2.47,0.0,0.0,500
8423735,686185,3352,2.31,0.0,0.0,400
8423735,686185,3360,2.31,0.0,0.0,400
8423735,686185,3368,2.31,0.0,0.0,400
8423735,686185,3376,2.31,0.0,0.0,400
8423735,686185,3384,2.31,0.002,0.0,400
8423735,686185,3392,2.31,0.002,0.0,400
8423735,686185,3400,2.31,0.002,0.0,400
8423735,686185,3408,2.31,0.004,0.0,400
8423735,686185,3416,2.31,0.01,0.0,400
8423735,686185,3424,2.31,0.01,0.0,400
8423735,686185,3432,2.31,0.01,0.0,400
8423735,686185,3440,2.31,0.01,0.0,400
8423735,686185,3448,2.31,0.01,0.0,400
8423735,686185,3456,2.31,0.01,0.0,400
8423735,686185,3464,2.31,0.014,0.0,400
8423735,686185,3472,2.31,0.017,0.0,400
8423735,686185,3480,2.31,0.017,0.0,400
8423720,685690,3320,2.47,0.0,0.0,500
8423720,685690,3328,2.47,0.0,0.0,500
8423720,685690,3336,2.47,0.0,0.0,500
8423720,685690,3344,2.47,0.0,0.0,500
8423720,685690,3352,2.47,0.0,0.0,500
8423720,685690,3360,2.47,0.0,0.0,500
8423720,685690,3368,2.31,0.01,0.059,400
8423720,685690,3376,2.31,0.009,0.061,400
8423720,685690,3384,2.31,0.011,0.07,400
8423720,685690,3392,2.31,0.019,0.116,400
8423720,685690,3400,2.31,0.016,0.147,400
8423720,685690,3408,2.31,0.009,0.063,400
8423720,685690,3416,2.31,0.011,0.097,400
8423720,685690,3424,2.31,0.031,0.2,400
8423720,685690,3432,2.31,0.077,0.178,400
8423720,685690,3440,2.31,0.111,0.129,400
8423720,685690,3448,2.31,0.178,0.152,400
8423720,685690,3456,2.31,0.284,0.26,400
8423720,685690,3464,2.43,0.374,0.438,400
8423720,685690,3472,2.43,0.377,0.751,400
8423720,685690,3480,2.43,0.333,1.199,400
8423720,685690,3488,2.43,0.257,1.296,400
8423720,685690,3496,2.43,0.211,0.976,400
8423720,685690,3504,2.31,0.178,0.0,400
8423720,685690,3512,2.31,0.179,0.0,400
8423720,685690,3520,2.47,0.0,0.0,100
8423720,685690,3528,2.47,0.0,0.0,100
8423720,685690,3536,2.47,0.0,0.0,100
8423720,685690,3544,2.47,0.0,0.0,100
8423585,685645,3320,2.47,0.0,0.0,500
8423585,685645,3328,2.47,0.0,0.0,500
8423585,685645,3336,2.47,0.0,0.0,500
8423585,685645,3344,2.47,0.0,0.0,500
8423585,685645,3352,2.47,0.0,0.0,500
8423585,685645,3360,2.47,0.0,0.0,500
8423585,685645,3368,2.47,0.0,0.0,500
8423585,685645,3376,2.47,0.0,0.0,500
8423585,685645,3384,2.47,0.0,0.0,500
8423585,685645,3392,2.47,0.025,0.195,500
8423585,685645,3400,2.31,0.013,0.198,400
8423585,685645,3408,2.31,0.027,0.191,400
8423585,685645,3416,2.31,0.025,0.169,400
8423585,685645,3424,2.31,0.029,0.196,400
8423585,685645,3432,2.31,0.051,0.21,400
8423585,685645,3440,2.31,0.048,0.278,400
8423585,685645,3448,2.31,0.044,0.273,400
8423585,685645,3456,2.31,0.067,0.0,400
8423585,685645,3464,2.47,0.0,0.0,200
8423585,685645,3472,2.47,0.0,0.0,200
8423585,685645,3480,2.47,0.0,0.0,100
8423585,685645,3488,2.47,0.0,0.0,100
8423585,685645,3496,2.47,0.0,0.0,100
8423585,685645,3504,2.47,0.0,0.0,100
8423585,685645,3512,2.47,0.0,0.0,100
8423765,685270,3320,2.47,0.0,0.0,100
8423765,685270,3328,2.47,0.0,0.0,100
8423765,685270,3336,2.47,0.0,0.0,100
8423765,685270,3344,2.47,0.0,0.0,100
8423765,685270,3352,2.47,0.0,0.0,100
8423765,685270,3360,2.47,0.0,0.0,100
8423765,685270,3368,2.47,0.0,0.0,100
8423765,685270,3376,2.47,0.0,0.0,100
8423765,685270,3384,2.47,0.0,0.0,100
8423765,685270,3392,2.47,0.0,0.0,100
8423765,685270,3400,2.47,0.0,0.0,100
8423765,685270,3408,2.47,0.0,0.0,100
8423765,685270,3416,2.47,0.0,0.0,100
8423765,685270,3424,2.47,0.0,0.0,100
8423765,685270,3432,2.47,0.0,0.0,100
8423765,685270,3440,2.47,0.0,0.0,100
8423765,685270,3448,2.47,0.0,0.0,100
8423765,685270,3456,2.47,0.0,0.0,100
8423765,685270,3464,2.47,0.0,0.0,100
8423765,685270,3472,2.47,0.0,0.0,100
8423765,685270,3480,2.47,0.0,0.0,100
8423765,685270,3488,2.47,0.0,0.0,100
8423765,685270,3496,2.47,0.0,0.0,100
8423765,685270,3504,2.47,0.0,0.0,100
8423765,685270,3512,2.47,0.0,0.0,100
8423765,685270,3520,2.47,0.0,0.0,100
8423765,685270,3528,2.47,0.0,0.0,100
8423765,685270,3536,2.47,0.0,0.0,100
8423765,685270,3544,2.47,0.0,0.0,100
8423765,685270,3552,2.47,0.0,0.0,100
8423765,685270,3560,2.47,0.0,0.0,100
8423765,685270,3568,2.47,0.0,0.0,100
8424275,685240,3320,2.47,0.0,0.0,100
8424275,685240,3328,2.47,0.0,0.0,100
8424275,685240,3336,2.47,0.0,0.0,100
8424275,685240,3344,2.47,0.0,0.0,100
8424275,685240,3352,2.47,0.0,0.0,100
8424275,685240,3360,2.47,0.0,0.0,100
8424275,685240,3368,2.47,0.0,0.0,100
8424275,685240,3376,2.47,0.0,0.0,100
8424275,685240,3384,2.47,0.0,0.0,100
8424275,685240,3392,2.47,0.0,0.0,100
8424275,685240,3400,2.47,0.0,0.0,100
8424275,685240,3408,2.47,0.0,0.0,100
8424275,685240,3416,2.47,0.0,0.0,100
8424275,685240,3424,2.47,0.0,0.0,100
8424275,685240,3432,2.47,0.0,0.0,100
8424275,685240,3440,2.47,0.0,0.0,100
8424275,685240,3448,2.47,0.0,0.0,100
8424275,685240,3456,2.47,0.0,0.0,100
8424275,685240,3464,2.47,0.0,0.0,100
8424275,685240,3472,2.47,0.0,0.0,100
8424275,685240,3480,2.47,0.0,0.0,100
